organization_id,organization_key,name,address,city,state,zip,type,bank_account,created_dtm
445,eb743484-449a-4785-8663-4677553ea956,uniQure N.V.,5463 Toquero Street,Dallas,Texas,75277,Basic,113008766,2024-10-23 12:01:48
49,bb3891bf-95dd-4775-97fa-0262f0cdadb4,iStar Financial Inc.,4928 Bellamy Lane,Fresno,California,93726,Affiliate,,2024-10-21 21:56:13
449,efe24209-7902-4d0b-a287-62f6a719b1a4,iShares S&P Global Timber & Forestry Index Fund,1114 Carlton Lane,New York City,New York,10079,Business,,2024-10-23 12:14:30
279,3d549879-afbd-48d5-bd92-0da33caa26dc,iShares Nasdaq Biotechnology Index Fund,7372 Castleberry Circle,Colorado Springs,Colorado,80995,Partner,,2024-10-22 19:51:02
37,7a7a829d-9552-4283-b416-6e5c3ae408f8,iShares Morningstar Mid-Cap ETF,14464 Midnight Pass Court,Sparks,Nevada,89436,Partner,092901706,2024-10-21 20:31:39
312,43a3dd76-f505-435d-92bb-1404a1e58880,iPass Inc.,4928 Biggs Place,Wilkes Barre,Pennsylvania,18763,Moderator,021214163,2024-10-22 23:10:10
102,9fcc0366-f4fc-4403-ac9b-6cc322963dc1,"iKang Healthcare Group, Inc.",11851 Guido Avenue,Dayton,Ohio,45432,Seasonal,,2024-10-22 02:28:55
366,1ad6644b-0387-4637-a095-887493f12b9f,"Zimmer Biomet Holdings, Inc.",10802 Pawley's Island Path,Miami Beach,Florida,33141,Premium,,2024-10-23 04:32:35
247,a3aac5c2-c05d-41e1-adc8-bfa851f03831,"Yield10 Bioscience, Inc.",10073 Polacheck Place,Pocatello,Idaho,83206,Family,103107402,2024-10-22 16:54:16
198,ae02e5ee-59c8-41c5-8505-10dad6cfe263,"XG Technology, Inc",313 Gomez Place,Brooklyn,New York,11220,Student,321171184,2024-10-22 11:49:44
469,7a3668fd-5895-42c7-a6d8-17ed46c8ad85,WisdomTree Barclays Interest Rate Hedged U.S. Aggregate Bond F,14074 Fort Lawn Loop,Tampa,Florida,33625,Individual,,2024-10-23 14:18:27
68,0c7e7078-d123-4b96-aa1d-d87dae0b2479,"Windstream Holdings, Inc.",13661 Laurel Hill Lane,Houston,Texas,77025,Family,051400646,2024-10-21 23:26:34
237,154edc30-0e48-43f4-897b-078b62fc4bf9,"Williams Companies, Inc. (The)",11952 Evelynton Loop,Vancouver,Washington,98687,Lifetime,,2024-10-22 15:56:28
360,92c36989-c98b-4565-af29-9e623cf5a40a,Westwood Holdings Group Inc,13138 Trimarche Terrace,Springfield,Missouri,65898,Family,,2024-10-23 03:48:30
348,6a09da92-16de-4ca9-bc4c-60bca225c17f,Western Asset/Claymore U.S. Treasury Inflation Prot Secs Fd,13778 Stenerson Street,Omaha,Nebraska,68110,Premium,,2024-10-23 02:31:42
56,4fdd267e-9d81-4833-8bc9-850597bfa645,Western Asset Mortgage Capital Corporation,1625 Wiechens Way,Anaheim,California,92825,Family,,2024-10-21 22:27:24
292,680395cf-8625-493d-b65f-8acab6765fba,Westamerica Bancorporation,8609 Wielenga Place,Lexington,Kentucky,40576,Moderator,074904394,2024-10-22 21:15:30
63,88c5a4a9-09a6-4e9b-9149-8b5a3f3163ce,West Bancorporation,6901 Hershey Lane,Austin,Texas,78754,Lifetime,111323689,2024-10-21 23:01:22
118,d46fed93-f32d-479b-8a1a-db00061eaac5,"WesBanco, Inc.",5718 Victory Drive,Champaign,Illinois,61825,Family,122241912,2024-10-22 04:05:55
414,b6c7344c-a547-4955-9692-8f927372ed9c,Webster Financial Corporation,12563 Jeff Anderson Way,Garden Grove,California,92645,Trial,064102740,2024-10-23 08:43:25
138,2b433249-9ab0-4e82-ba14-da6e2f7913ea,"Waste Management, Inc.",1610 Elkington Road,Washington,District of Columbia,20404,Basic,,2024-10-22 05:56:19
165,b9c9e422-1408-40a3-a106-b0da32d86570,"Washington Trust Bancorp, Inc.",10411 Jaguar Court,Flushing,New York,11388,Temporary,053208066,2024-10-22 08:39:33
20,c7b675fd-1e0e-40b5-85c8-cd9a6aeee320,Washington Prime Group Inc.,12032 Davidson Avenue,Jersey City,New Jersey,07310,Reseller,,2024-10-21 18:48:38
459,49e34e4f-08ed-408d-ad77-7de98be12583,"WCF Bancorp, Inc.",3504 Waters Lane,Anaheim,California,92805,VIP,031305596,2024-10-23 13:22:08
161,b3dff0f5-c365-4181-b097-4c7cfc6354e3,W.R. Berkley Corporation,4110 Jasper Way,Young America,Minnesota,55564,Individual,,2024-10-22 08:27:12
406,624cae19-c552-471c-8e95-02b22a3fbfdc,Voya Asia Pacific High Dividend Equity Income Fund,13467 Richfield Street,Nashville,Tennessee,37240,Family,,2024-10-23 08:00:44
106,701651bc-3060-4f4d-ac9e-248c14894945,Vornado Realty Trust,3233 Hildalgo Drive,Fresno,California,93778,Guest,,2024-10-22 02:57:42
16,e1ea1e86-0960-46e7-b70a-b10d19ed0905,Vodafone Group Plc,13527 Van Buren Way,San Jose,California,95150,VIP,091304634,2024-10-21 18:26:51
470,91b66dd4-a48d-443b-9901-43e86b435733,"Vital Therapies, Inc.",7536 Unity Terrace,Baltimore,Maryland,21211,Lifetime,031202084,2024-10-23 14:27:53
380,bf489cab-c6c6-4a55-8d5b-e264dcbb9bb1,VictoryShares US EQ Income Enhanced Volatility Wtd ETF,3362 Sherfinski Avenue,Shreveport,Louisiana,71166,Reseller,,2024-10-23 05:46:06
231,4976f51d-d795-4faf-897a-3197d9c36fde,VictoryShares Developed Enhanced Volatility Wtd ETF,3522 Barnhill Lane,Bakersfield,California,93386,Student,,2024-10-22 15:15:52
460,d5bf877a-0b8c-45c2-87b8-6344f1a8c504,Verso Corporation,3967 Cheltenham Court,New York City,New York,10260,Moderator,061120246,2024-10-23 13:25:14
276,3b76ac6f-a8da-4417-915a-5e6813a6bea3,Veritiv Corporation,5300 Lebeau Lane,Shreveport,Louisiana,71137,Family,021502011,2024-10-22 19:28:47
139,f4f776bb-48b7-465f-855a-35f793cfa830,VelocityShares VIX Medium-Term ETN,14242 Cameo Circle,Florence,South Carolina,29505,Moderator,,2024-10-22 05:58:16
9,3dd6b762-c1b0-4209-9e81-1a616908e18f,Veeva Systems Inc.,6734 Poppy Circle,Austin,Texas,78759,Nonprofit,,2024-10-21 17:49:46
373,2950ecd5-9750-4213-9a2a-c4a124d1bb09,Vanguard International Dividend Appreciation ETF,11165 Kim Porter Way,Raleigh,North Carolina,27690,Business,031300465,2024-10-23 05:02:11
173,b32fefba-6549-441f-8fe8-8f827718e6fb,VanEck Vectors Generic Drugs ETF,13954 Chatham Avenue,Arvada,Colorado,80005,Moderator,,2024-10-22 09:29:42
93,6a8d819b-5419-432d-b29f-962f44082178,Valley National Bancorp,397 Ashbrook Place,Jacksonville,Florida,32204,Admin,031307866,2024-10-22 01:49:14
298,9281a802-3167-45b0-af47-bcf440733cf6,VWR Corporation,10950 Luna Lane,Largo,Florida,33777,Temporary,112307222,2024-10-22 21:48:45
205,c5e05957-cc2a-4d1d-9797-e6fc1fa4f999,VOC Energy Trust,5198 Drakeswood Avenue,Richmond,Virginia,23289,Lifetime,091916093,2024-10-22 12:21:34
226,59b600e7-5e8d-463d-b888-02ae0f1e0ac8,VALE S.A.,12727 Bolivar Street,San Diego,California,92115,Premium,113104178,2024-10-22 14:35:03
216,c6a65ed2-8b7d-4d4f-8992-c2db2383b44b,UroGen Pharma Ltd.,10716 Jernigan Place,San Jose,California,95128,Premium,,2024-10-22 13:30:35
427,d2a1ead1-9b53-47fd-aea7-65630f74f469,"Urban One, Inc. ",11870 Susan Avenue,Alpharetta,Georgia,30022,Trial,,2024-10-23 10:08:01
42,c90d3aae-9b82-4268-8e4a-d9e9b3e3af1f,Univar Inc.,5334 Pace Lane,Wichita,Kansas,67220,Business,,2024-10-21 21:18:58
229,e97e9717-45ba-4b9e-8e47-e8c76bf0394e,"United Fire Group, Inc",6162 Montbrook Place,Madison,Wisconsin,53785,VIP,,2024-10-22 15:01:25
400,c5495190-387d-4c9f-8e75-daa58dd350aa,"Union Bankshares, Inc.",1616 Lazdowski Way,North Port,Florida,34290,Guest,,2024-10-23 07:34:18
160,bdc68a54-d02d-4780-89f4-dccafb1ce764,"Unifi, Inc.",14944 Fox Place,Saint Paul,Minnesota,55108,Reseller,,2024-10-22 08:17:15
185,41acf8bf-a4fb-4a2d-8786-00b16e6619de,"Ubiquiti Networks, Inc.",403 Evergreen Court,Sandy,Utah,84093,Affiliate,,2024-10-22 10:47:42
421,6562a9cc-c51c-4fed-b73b-13120282970a,UMB Financial Corporation,6320 Goldenrod Court,San Diego,California,92153,VIP,,2024-10-23 09:34:25
172,7469f9e1-9592-4490-a838-cddd0be2a11c,"Turkish Investment Fund, Inc. (The)",12754 Vicksburg Avenue,Tampa,Florida,33680,Partner,102103630,2024-10-22 09:21:03
281,dbf28e7f-3bc0-4cf9-b367-313131966140,Tsakos Energy Navigation Ltd,6209 Mount Vernon Way,Des Moines,Iowa,50305,Lifetime,111311743,2024-10-22 20:02:18
303,d98b769d-1bb1-43de-8e05-0e4fe6462a25,"Trupanion, Inc.",3949 Ukulele Street,Reno,Nevada,89510,Guest,011601074,2024-10-22 22:18:28
170,682fa007-296e-4cd2-b8f5-c157fc6bec1f,"TriNet Group, Inc.",12821 Parnassus Court,Tampa,Florida,33686,Guest,,2024-10-22 09:05:27
451,3f678872-7f5c-453c-ac89-a2736e8f72c4,Tri Continental Corporation,13221 Pineland Terrace,Everett,Washington,98206,Affiliate,091501767,2024-10-23 12:23:47
126,a5f135dd-4047-4815-ac9a-2c1a3f5e45cc,Travelport Worldwide Limited,4523 Eden Place,Richmond,Virginia,23285,Family,072413777,2024-10-22 04:53:17
219,1c3fa64e-d252-4aa8-bae1-11f0584436c4,Total S.A.,4812 Elin Place,El Paso,Texas,88584,Standard,061201673,2024-10-22 13:46:47
23,422a5c6d-1570-4d87-ab60-62af2deffac4,"Tortoise Power and Energy Infrastructure Fund, Inc",6616 Twig Terrace,London,Kentucky,40745,Seasonal,,2024-10-21 19:07:50
135,adf0f11c-895e-4a44-a626-b8b5545e048d,"Top Image Systems, Ltd.",7532 Heyward Avenue,Lansing,Michigan,48956,Premium,062203816,2024-10-22 05:39:23
131,d64f0075-accc-4e45-81bf-45ba90dc2259,Timken Steel Corporation,6229 Flanders Place,Charlotte,North Carolina,28225,Nonprofit,264071590,2024-10-22 05:18:58
436,662cc253-fe18-4dcf-840a-f2352d3071ad,"Timberland Bancorp, Inc.",8629 Jujube Avenue,Birmingham,Alabama,35231,Individual,,2024-10-23 11:02:48
223,a2d10d29-48b2-4217-a651-0e9a9528d1d7,"TheStreet, Inc.",2165 Fosgate Place,Greensboro,North Carolina,27425,Reseller,065305902,2024-10-22 14:17:41
280,c1c3f5d1-1ce9-4f98-9363-b8fa0f053fff,The Medicines Company,8111 Grassmere Street,El Paso,Texas,79984,Seasonal,,2024-10-22 19:56:27
69,4662f922-138c-4757-aca6-99dbaa9271e3,Texas Pacific Land Trust,2949 Crenshaw Terrace,Saint Paul,Minnesota,55188,Premium,,2024-10-21 23:35:45
264,e2578cba-3fb9-433c-b20b-ee1ce0b5a0c3,Tennessee Valley Authority,1313 Hoyt Road,Charlotte,North Carolina,28284,Guest,,2024-10-22 18:33:07
125,15a78983-f53a-4971-9ee5-496f6c1d43f1,Tenaris S.A.,13684 Amarillo Place,Tucson,Arizona,85725,Affiliate,065302044,2024-10-22 04:44:05
119,4225bf71-27c3-41ce-adc9-ae995e26c3e1,Telefonica Brasil S.A.,13899 Kittredge Loop,Charlotte,North Carolina,28205,Individual,071922379,2024-10-22 04:10:20
209,f19cda2b-e0f8-4b55-987d-401d2e176802,"TeleTech Holdings, Inc.",10848 Water Tower Circle,Chattanooga,Tennessee,37405,Moderator,114913164,2024-10-22 12:47:24
293,27fe4f0a-cee4-42ae-bc2e-06b820c54866,TechnipFMC plc,8782 Rosales Road,Dallas,Texas,75372,Seasonal,,2024-10-22 21:21:39
330,a47528d5-c2fa-4beb-9b9c-37937971c1e8,Targa Resources Partners LP,9951 Frederick Terrace,Racine,Wisconsin,53405,Reseller,,2024-10-23 00:42:12
176,c1cef183-940f-45ea-b947-61933b5f7d28,Taitron Components Incorporated,12549 Yager Lane,Kansas City,Missouri,64136,Business,063116203,2024-10-22 09:46:29
296,40db03ab-d379-44ed-9e66-0a7e1391bfdc,"Tabula Rasa HealthCare, Inc.",1628 Bonifay Path,Portland,Oregon,97211,Reseller,,2024-10-22 21:39:21
302,9f76d900-6246-49ce-a90a-20c856174eb9,TE Connectivity Ltd.,13144 Denicola Drive,Little Rock,Arkansas,72231,Affiliate,,2024-10-22 22:09:35
74,7a184de1-c77b-4036-906d-e08f59395f39,"Synthetic Fixed-Income Securities, Inc.",2620 Mareno Court,San Antonio,Texas,78260,Business,,2024-10-22 00:04:14
244,d2eaffd8-c4b6-4624-a75b-e5056d0693d2,Synnex Corporation,7125 Fellowship Avenue,Washington,District of Columbia,20580,Admin,064207946,2024-10-22 16:35:41
117,c4d9855a-569e-4926-883e-1f993a0a5e90,"Synchronoss Technologies, Inc.",4643 Adams Lane,Albuquerque,New Mexico,87180,Affiliate,,2024-10-22 04:02:08
154,e13a4624-c8be-4de9-bdb0-f400f22e6c7a,Synalloy Corporation,6600 Danbury Street,Orlando,Florida,32803,Guest,053010445,2024-10-22 07:33:28
97,9b2aab7b-27a4-49b3-a989-2db3a3718619,Symantec Corporation,1089 Woodfield Way,Santa Barbara,California,93150,Seasonal,051403465,2024-10-22 02:05:05
243,fa95b082-0f4d-4d1d-9984-53f6ec6575a8,SuperValu Inc.,3372 Zadora Lane,Birmingham,Alabama,35244,Seasonal,063116452,2024-10-22 16:32:40
230,d02dc04a-e715-4aac-85e6-6b632f9e2d62,Stryker Corporation,14637 Knudson Run,Bronx,New York,10454,Moderator,,2024-10-22 15:06:06
72,a415cdff-9df5-4070-8c2f-6ae7786b89e8,"Streamline Health Solutions, Inc.",10084 Wicklow Court,Los Angeles,California,90035,Moderator,064101673,2024-10-21 23:55:47
66,53b99570-a82d-4679-b25f-d9a024dcbbe6,Sterling Bancorp,3663 Weber Court,San Antonio,Texas,78250,Partner,,2024-10-21 23:20:43
439,84f5878a-25c4-49ac-ab35-9138cd63b5ad,State Street Corporation,12712 Harleston Street,Schaumburg,Illinois,60193,Business,,2024-10-23 11:20:47
222,7768adff-1ad0-43ad-98db-ce3d8a4c20fa,"Stanley Black & Decker, Inc.",13416 Cyr Court,El Paso,Texas,79940,Trial,044072337,2024-10-22 14:08:39
430,05ff2469-4461-4d21-8f99-9dd5ff2f2729,Stamps.com Inc.,9446 Carrington Court,Columbia,South Carolina,29240,Enterprise,,2024-10-23 10:33:56
423,73b225ff-c4bb-429d-a715-3867868fcae5,"Spectrum Brands Holdings, Inc.",10951 Bostic Lane,Santa Cruz,California,95064,Standard,107006101,2024-10-23 09:41:04
124,f83a53cd-6f7f-4a5b-9f78-5db71d1a3626,"Spark Energy, Inc.",509 Rosebury Loop,Des Moines,Iowa,50369,Enterprise,,2024-10-22 04:42:47
242,9b1aea51-b2dd-4d40-9f3e-98ab7b68c694,"Southwest Gas Holdings, Inc.",13129 Ogden Avenue,Midland,Michigan,48670,VIP,,2024-10-22 16:23:48
65,f738b8e4-e2a2-4359-be56-f126d3acedcf,"South Jersey Industries, Inc.",14664 Leesville Street,Los Angeles,California,90015,Enterprise,,2024-10-21 23:10:56
284,0af17005-5386-47e7-87c8-24cbfa8ddb4f,Sotherly Hotels Inc.,9318 Links Court,Saint Louis,Missouri,63158,VIP,011001331,2024-10-22 20:12:55
92,c0ec33a5-39d0-4614-b617-23ce4526dd44,"Sorrento Therapeutics, Inc.",13626 Cook Place,Fort Pierce,Florida,34949,Family,054001534,2024-10-22 01:40:04
13,a27a036a-18c3-4c67-b50e-0c3190f579b9,"Sonoma Pharmaceuticals, Inc.",366 Fillmore Place,Salt Lake City,Utah,84105,Individual,,2024-10-21 18:15:08
446,059d9264-8897-43df-8a12-d173a1eac842,"SmartFinancial, Inc.",4288 Nueva Place,Harrisburg,Pennsylvania,17126,Temporary,071100010,2024-10-23 12:06:04
273,26c03bda-e2b2-44b9-aa53-368d36268142,"Simon Property Group, Inc.",3431 Rainwood Avenue,Cincinnati,Ohio,45264,Standard,063206663,2024-10-22 19:17:57
270,c5880247-dee5-43da-bda2-321af59e6547,"Shoe Carnival, Inc.",7294 Clark Court,Washington,District of Columbia,20370,Reseller,,2024-10-22 19:00:36
367,3f06c8c9-a375-4e5c-b368-55a2f80551c8,Shinhan Financial Group Co Ltd,4355 Cromer Place,Modesto,California,95397,Temporary,,2024-10-23 04:40:03
432,06c93529-3b52-4dbf-a258-3ef3685130d0,Select Comfort Corporation,395 Eastfield Path,Honolulu,Hawaii,96835,Seasonal,011600033,2024-10-23 10:46:43
78,a29547a6-110f-4f71-a073-216ef67950c6,Seadrill Limited,1110 Tweedle Terrace,Cincinnati,Ohio,45203,Standard,111319347,2024-10-22 00:18:47
73,9dc81283-d7e1-495a-a0fb-2e5140bf8a5e,Scotts Miracle-Gro Company (The),686 Vintage Place,San Antonio,Texas,78255,Guest,107006046,2024-10-22 00:02:50
266,5b7697f9-21f5-48b0-858e-7a6cc2090aaa,Sasol Ltd.,7273 Monument Way,Minneapolis,Minnesota,55446,Temporary,,2024-10-22 18:37:33
183,3183b1f2-e132-4a64-a1f0-fc666d750eed,"SandRidge Energy, Inc.",10325 Ruby Road,Roanoke,Virginia,24034,Family,,2024-10-22 10:32:08
120,85001459-bc85-4bf0-bdd3-f72e319c26ca,Saban Capital Acquisition Corp.,13505 Dees Drive,Mobile,Alabama,36670,VIP,,2024-10-22 04:19:40
262,2ae5ed8f-1f4e-4fc8-b753-85c032811a2d,SVB Financial Group,2755 Viscaya Court,Albany,New York,12232,Trial,122104046,2024-10-22 18:24:08
409,b71bd189-5fa7-4418-82dc-82836fa97eaf,"Ross Stores, Inc.",13834 St. James Circle,Amarillo,Texas,79105,Lifetime,,2024-10-23 08:15:15
214,a6cefb0e-cf57-47b7-ae89-92c9a6f4c653,Ritchie Bros. Auctioneers Incorporated,10756 Del Norte Drive,Pompano Beach,Florida,33064,Affiliate,,2024-10-22 13:17:40
252,def1200f-20be-43aa-a0ff-1d2b8f1f23e8,"Retail Properties of America, Inc.",12859 Cambridge Court,Las Vegas,Nevada,89166,Business,065202568,2024-10-22 17:24:15
18,4963239d-e8d9-46ff-be1b-804d700f3047,Regency Centers Corporation,595 Church Street,Portland,Maine,04109,Guest,,2024-10-21 18:38:08
271,73c7e71b-e58c-4562-b0b1-ebe386f432b6,Regal Beloit Corporation,9733 Fairfax Terrace,Buffalo,New York,14205,Business,,2024-10-22 19:05:58
315,220adad5-8257-4a9e-815c-6f70cdf08f7b,"RealPage, Inc.",5863 Gable Place,Fort Myers,Florida,33906,Student,065300020,2024-10-22 23:18:54
456,e13d55e5-e215-4e37-a905-e4fc6d353cae,Ramco-Gershenson Properties Trust,9142 Carvello Drive,Washington,District of Columbia,20319,Premium,,2024-10-23 13:01:07
36,7566fb83-9ef7-4b24-b18e-ce4f2548daa7,Radcom Ltd.,10669 Fisher Avenue,Dallas,Texas,75251,Individual,063114836,2024-10-21 20:24:15
238,41e2dbe3-a925-47bf-9aa9-e171c9533452,ROBO Global Robotics and Automation Index ETF,8257 Blueberry Way,Fort Worth,Texas,76178,Individual,,2024-10-22 16:04:38
95,e7325e03-09de-4fc5-8c14-832427229895,RBC Bearings Incorporated,4415 Luca Lane,Columbus,Ohio,43284,Guest,,2024-10-22 02:00:14
179,aec18887-e9f3-48d6-9029-1bb6581f55f9,Quidel Corporation,9950 Prado Drive,Raleigh,North Carolina,27610,Premium,,2024-10-22 10:08:04
419,d36c0cbe-49c2-49e6-a555-0275b686a6ba,"Quanta Services, Inc.",4723 Folkstone Way,Philadelphia,Pennsylvania,19136,Nonprofit,,2024-10-23 09:20:36
143,a333a861-14c2-4522-b136-fe929ab685f3,"Quality Systems, Inc.",9985 Vicksburg Avenue,Washington,District of Columbia,20508,Student,042307224,2024-10-22 06:25:30
461,697d79b1-0ed1-4929-bc0b-20093fd948db,PureFunds ETFx HealthTech ETF,7820 Redondo Way,New Orleans,Louisiana,70187,Moderator,071909198,2024-10-23 13:28:36
473,1fa9b855-7cec-4430-b8ea-823ec183952c,Public Storage,7687 Riley Road,Orlando,Florida,32825,VIP,241070459,2024-10-23 14:44:15
81,836be7a8-7074-4de3-8c18-2737402ca488,"Prudential Short Duration High Yield Fund, Inc.",425 Peachtree Avenue,Spokane,Washington,99215,VIP,,2024-10-22 00:35:01
331,d856a732-99a9-4c71-b7ed-7de4e26cff06,"Prudential Global Short Duration High Yield Fund, Inc.",2908 Alyssa Lane,Evansville,Indiana,47725,Partner,,2024-10-23 00:49:10
410,06712741-9ad7-49b4-b43e-b7ece2081564,"Provident Financial Holdings, Inc.",3924 Saranac Place,New Hyde Park,New York,11044,Guest,,2024-10-23 08:24:33
287,ea1216b3-c7cd-4531-96ae-380af5892f83,ProQR Therapeutics N.V.,12585 Persimmon Loop,Mesa,Arizona,85210,Affiliate,051409184,2024-10-22 20:36:37
31,f0efa55f-cc32-4456-ac4b-1dd3e40ea3f0,ProPetro Holding Corp.,956 Cuthbert Circle,Omaha,Nebraska,68197,Basic,121142627,2024-10-21 20:01:59
462,d1bf3536-cdd5-49d3-876c-2aed11b55050,PowerShares S&P SmallCap Health Care Portfolio,12419 Wentworth Lane,Kansas City,Kansas,66160,Seasonal,,2024-10-23 13:34:17
336,159db55a-4011-4902-93f1-41f67fc1f051,PowerShares KBW Regional Banking Portfolio,14072 Hull Lane,Washington,District of Columbia,20231,Moderator,062203638,2024-10-23 01:07:55
301,5d4120be-cb85-4460-b6c6-d669a6124dd9,PowerShares KBW Premium Yield Equity REIT Portfolio,2928 Callaway Drive,Bradenton,Florida,34282,Admin,114000718,2024-10-22 22:06:50
17,9787f2f0-d209-455d-9352-516b2189ed97,PowerShares Global Water Portfolio,1995 Winnsboro Drive,Austin,Texas,78721,Seasonal,104106583,2024-10-21 18:35:57
278,45ebcb95-40fc-46cb-a5b8-2490d176178a,PowerShares Global Gold & Precious Metals Portfolio,12208 Zombar Place,Sarasota,Florida,34238,VIP,,2024-10-22 19:42:43
397,4d3247ea-76e0-4493-88a3-c5590ad18860,PowerShares DWA SmallCap Momentum Portfolio,14609 Ben Bartlett Place,Southfield,Michigan,48076,Family,065306079,2024-10-23 07:18:30
236,6add3928-d16e-48b3-988e-c632665a30b1,"Popular, Inc.",13694 Nelson Terrace,Rochester,New York,14683,Temporary,,2024-10-22 15:47:16
404,40f78a13-4df8-4f30-87e1-9564b32aaabc,Pointer Telocation Ltd.,1801 Kingston Way,Atlanta,Georgia,30343,Individual,241272053,2024-10-23 07:54:11
99,76404306-ffab-4d8a-bde1-e279bd2535c3,"Plains Group Holdings, L.P.",7858 Laurel Run,Hayward,California,94544,Reseller,103008404,2024-10-22 02:09:58
163,9bb09ac2-c9ce-436b-995f-8ef6114294cf,Pimco Corporate & Income Opportunity Fund,4826 White Terrace,Ocala,Florida,34474,Reseller,,2024-10-22 08:32:30
246,7db16846-421b-4ef5-88b8-8922e5f73474,"PetMed Express, Inc.",12998 Falk Place,Greenville,South Carolina,29615,Temporary,,2024-10-22 16:45:29
90,2d437754-6b0d-4331-93dd-ff5524891d9a,Perrigo Company,11298 Whitten Terrace,Davenport,Iowa,52809,Individual,,2024-10-22 01:28:14
144,a1d7e11c-a8b4-4519-ae2b-eec3d31e9870,Perion Network Ltd,10638 Kingfisher Court,Springfield,Illinois,62764,Individual,,2024-10-22 06:32:29
218,bfbc7e7d-48b4-4fa8-b333-915d64bc809a,Performant Financial Corporation,8487 Loree Way,Spring,Texas,77388,Nonprofit,062005690,2024-10-22 13:40:42
475,4abb37f9-e221-42f6-8785-1de7787f11e3,Peregrine Pharmaceuticals Inc.,1239 Kane Place,Orlando,Florida,32835,Guest,,2024-10-23 14:51:38
332,c28db6cb-22a3-4c2c-91a9-2a281b15c31a,PennantPark Investment Corporation,502 Grapeland Street,Washington,District of Columbia,20220,Nonprofit,,2024-10-23 00:51:54
418,5f9a6cc6-88b5-4b6a-bc6c-7ea2bfda904a,Pebblebrook Hotel Trust,901 Lesiege Lane,Erie,Pennsylvania,16565,Basic,,2024-10-23 09:19:04
458,e43a2b3c-291f-4e9d-af70-e717834bba7c,"Pearson, Plc",14430 Guy Terrace,New Brunswick,New Jersey,08922,Family,,2024-10-23 13:12:29
426,6a816625-ff2b-416e-8ef2-cafee3db6326,PartnerRe Ltd.,8035 Rowesville Lane,Chicago,Illinois,60624,Affiliate,043316256,2024-10-23 10:02:12
77,cc127a23-58c0-45e6-ae95-766b0a1cbcfb,"Parkway, Inc.",3651 Elana Place,Columbia,South Carolina,29225,Temporary,067001275,2024-10-22 00:15:36
295,0193e7dd-17ba-42a6-ae86-8a11b3f22caf,Park Hotels & Resorts Inc.,14445 Beth Road,Memphis,Tennessee,38188,Family,042103363,2024-10-22 21:29:41
132,cc3edbc3-2a51-43f6-9ba8-bb5e322b87dc,"Paratek Pharmaceuticals, Inc. ",7335 Vertigo Lane,Newton,Massachusetts,02162,Trial,,2024-10-22 05:23:42
321,6249c1f6-ee20-4290-b097-6cd75316f0df,Pacific Special Acquisition Corp.,10658 Burgess Drive,Cincinnati,Ohio,45249,Premium,,2024-10-22 23:59:39
149,2529e71a-243c-473e-bab6-c8022439d906,PVH Corp.,8305 Peakman Road,Virginia Beach,Virginia,23459,Seasonal,,2024-10-22 07:02:02
245,80e5dc4b-c2a1-4e06-beef-b66d4d6da421,"PIMCO Strategic Income Fund, Inc.",5907 Blickley Place,Albuquerque,New Mexico,87110,Basic,,2024-10-22 16:40:57
467,838769cb-9d3b-4f07-a55c-9d34e29fa5b0,PIMCO Municipal Income Fund,11072 La Posada Drive,Orlando,Florida,32830,Temporary,091912576,2024-10-23 14:08:52
228,f091eb50-cf58-42e5-8786-442a85323976,PIMCO California Municipal Income Fund,13732 Mcdaniel Place,Richmond,Virginia,23213,Family,,2024-10-22 14:52:11
188,4c0b881c-fc8f-4594-8c85-6254c8dc1444,PICO Holdings Inc.,5728 Huckleberry Street,Bakersfield,California,93399,Seasonal,071108313,2024-10-22 10:59:27
58,ec002cec-bb0b-4e98-8710-f0f820d85b81,Oxford Lane Capital Corp.,6054 Heathman Place,El Paso,Texas,79989,Nonprofit,,2024-10-21 22:34:23
136,c81f7e47-9966-4c53-8ff5-04fdde4c600e,Orrstown Financial Services Inc,4964 Spoonbill Street,Seattle,Washington,98104,Temporary,102301911,2024-10-22 05:44:54
55,d8fd5158-0404-44d8-a222-e9d011fc3307,"On Deck Capital, Inc.",10591 Cherry Vale Place,Port Charlotte,Florida,33954,Seasonal,036002810,2024-10-21 22:20:03
199,802344cb-742d-4766-9131-85a19074cd9f,"Omnicell, Inc.",387 Prado Drive,Littleton,Colorado,80127,Basic,063115372,2024-10-22 11:50:55
34,6dd884cf-5ef3-4c28-8afa-de25913d7754,"Old Dominion Freight Line, Inc.",3109 Kim Lane,Stockton,California,95298,Affiliate,221272332,2024-10-21 20:19:30
29,a69e73fe-047a-4c17-bceb-fd848e2a1d0a,OFG Bancorp,13923 Venetian Lane,Billings,Montana,59105,Guest,,2024-10-21 19:50:31
5,54999a9e-5973-4682-8723-a075dce058dd,Nuveenn Intermediate Duration Quality Municipal Term Fund,1227 Brodeur Avenue,Shawnee Mission,Kansas,66276,Student,,2024-10-21 17:32:09
291,ddd5804a-8883-435d-b661-2f07d9109eaa,Nuveen Short Duration Credit Opportunities Fund,8557 Cousino Court,Montpelier,Vermont,05609,Business,113120291,2024-10-22 21:09:22
174,fd98389c-4708-4253-9661-d9b714d0711c,Nuveen Quality Municipal Income Fund,3657 Lisa Lane,Berkeley,California,94712,Lifetime,,2024-10-22 09:39:04
363,6024b602-78da-4981-8792-cb182c9bff84,Nuveen Municipal Credit Income Fund,11309 Sandhill Court,Grand Junction,Colorado,81505,VIP,055000770,2024-10-23 04:14:12
455,6968f03c-b19a-483b-a836-64cb4ab87591,Nuveen Intermediate Duration Municipal Term Fund,14528 Halstead Terrace,Cedar Rapids,Iowa,52410,Enterprise,322078804,2024-10-23 12:51:24
186,bde2f4cb-699e-4e68-be65-b41c0ee38d23,Nuveen AMT-Free Quality Municipal Income Fund,7748 Unicorn Lane,Washington,District of Columbia,20062,Guest,122240670,2024-10-22 10:48:56
83,5ac6ba36-c48d-4030-9aed-b8f7e15a1562,NutriSystem Inc,9366 Fahs Loop,Des Moines,Iowa,50315,Temporary,211371308,2024-10-22 00:44:46
152,9f71d7a5-6b43-450e-b539-48cc14fa10bf,Nustar Energy L.P.,4710 Tarpon Lane,Los Angeles,California,90087,Enterprise,,2024-10-22 07:25:48
11,a4fa1c3a-654d-4179-ad3c-fd23492d4e42,Northeast Bancorp,7074 Wax Berry Court,Santa Monica,California,90410,Standard,104900116,2024-10-21 18:03:06
359,332e9e18-8de3-40ad-af32-605f0330d69d,Nomad Foods Limited,13524 Trevino Terrace,Huntington,West Virginia,25770,Student,,2024-10-23 03:39:24
80,10a12b8f-eeb4-4d19-beb4-ef21a13abf55,Nokia Corporation,12736 Parlor Place,San Francisco,California,94147,Basic,,2024-10-22 00:26:23
342,b413d077-9e13-4ee2-a61d-278fc55da197,"Nexstar Media Group, Inc.",10929 Omega Street,Syracuse,New York,13205,Trial,,2024-10-23 01:54:47
25,cd364c7f-c0d4-4b47-8ea9-e37a2b8a9b57,Navigator Holdings Ltd.,9743 Bartelson Terrace,Lake Worth,Florida,33462,Premium,,2024-10-21 19:21:22
38,cd4ef746-5e63-4373-ae12-ae64ef85ff00,"Natuzzi, S.p.A.",14562 Lisbon Lane,San Francisco,California,94164,Nonprofit,,2024-10-21 20:41:19
464,38b32837-3e96-4f52-8eb9-32180cf3e434,Natural Resource Partners LP,14700 Segovia Place,Milwaukee,Wisconsin,53277,Family,,2024-10-23 13:49:40
358,f3940f78-35e0-4772-977f-c152cfd2afa5,National Holdings Corporation,13843 Abney Avenue,Grand Forks,North Dakota,58207,Temporary,,2024-10-23 03:30:06
220,9ee1886a-a429-4954-ac01-47eeaa2b066d,National General Holdings Corp,12118 Del Mar Drive,Los Angeles,California,90065,Admin,,2024-10-22 13:50:40
335,58c41bb6-c1d9-42b8-abd1-9e56a52088c1,"National CineMedia, Inc.",3170 Jimenez Court,Washington,District of Columbia,20420,Temporary,,2024-10-23 01:05:01
153,c7a24efb-c6c4-4ed9-b680-6538267f776e,National Beverage Corp.,4757 Oyster Place,Kansas City,Missouri,64187,Affiliate,,2024-10-22 07:29:37
168,027b4f91-b798-4547-adb6-55cf4928fa49,"National American University Holdings, Inc.",5872 Bentley Street,Saint Paul,Minnesota,55123,Family,,2024-10-22 08:55:59
145,451a3351-2ed4-4f6e-8c56-4890298252a1,Nanometrics Incorporated,9321 Will Lane,El Paso,Texas,88563,Basic,053111810,2024-10-22 06:39:51
40,703a8364-e4dc-42d2-93ee-7f3a8770f408,"NETGEAR, Inc.",13177 Norman Run,Northridge,California,91328,Lifetime,,2024-10-21 21:00:30
297,ea057e4a-ea18-4776-9486-c3af20828a7c,"Mueller Industries, Inc.",10729 John Cramer Circle,Richmond,Virginia,23208,Enterprise,,2024-10-22 21:41:19
84,e8ebf70a-af26-4934-af67-287a6168f1d1,"Mota Group, Inc.",10413 Highbanks Court,El Paso,Texas,88589,Moderator,,2024-10-22 00:51:23
369,c4c57462-b28b-4669-9e63-cbd9cb7c89e4,"Morgan Stanley Emerging Markets Domestic Debt Fund, Inc.",706 Gary Lane,Baltimore,Maryland,21203,Family,043000096,2024-10-23 04:44:45
164,78e21054-9338-4333-887d-d4da68f45875,Moog Inc.,3617 Godleski Lane,Springfield,Massachusetts,01152,VIP,,2024-10-22 08:36:23
147,aac196ad-f5e7-486f-a3e7-6e67675ece3c,Monmouth Real Estate Investment Corporation,3630 Eubanks Lane,Orlando,Florida,32808,Business,053100494,2024-10-22 06:49:37
4,5889c55e-4535-4cb7-8765-6a7fc4b1e248,Momo Inc.,14616 Alyssa Lane,Fort Smith,Arkansas,72916,Trial,303188111,2024-10-21 17:22:23
114,f30ea66a-4c36-4203-afb0-fffc6891e8c5,Molson Coors Brewing  Company,1520 Toquero Street,Indianapolis,Indiana,46231,Student,,2024-10-22 03:48:52
250,7c639fa5-9858-48f1-8102-a38400f301d3,"Moleculin Biotech, Inc.",9860 Burgess Drive,Roanoke,Virginia,24048,Trial,,2024-10-22 17:15:05
182,381e2a0b-fbfb-412e-bad1-272b9ee28378,Modern Media Acquisition Corp.,11214 Wiggins Terrace,Los Angeles,California,90081,Business,053204280,2024-10-22 10:24:25
325,91e8a604-86eb-4627-8c65-dedeaee33d4a,"Model N, Inc.",8495 Mcduffie Court,Littleton,Colorado,80161,Standard,,2024-10-23 00:20:46
22,ff28be6d-55fa-46ab-a11f-6ddd21615b01,"Midland States Bancorp, Inc.",7662 Merida Circle,Tulsa,Oklahoma,74103,VIP,,2024-10-21 19:02:15
288,7d38af04-42ac-46e8-ac73-f6e6013a9d61,"Micron Technology, Inc.",8226 Ware Way,Loretto,Minnesota,55598,Student,,2024-10-22 20:45:10
263,761e5a94-a490-4a1a-a872-b9cff85fe398,"Merrill Lynch & Co., Inc.",8916 Mariel Way,Temple,Texas,76505,Admin,,2024-10-22 18:26:47
356,ce8919cf-92a0-4401-9578-43debbf08f29,"Meridian Bancorp, Inc.",190 Draper Avenue,Fort Lauderdale,Florida,33345,Standard,,2024-10-23 03:19:19
387,7ea4a2dc-f58c-4ac3-adc5-36b0fc413be1,Meredith Corporation,1871 Orangedale Terrace,Austin,Texas,78769,Moderator,,2024-10-23 06:22:16
316,198d03f9-9999-46d5-a2f9-d223d0d93993,"Melrose Bancorp, Inc.",10039 Las Pacos Court,Houston,Texas,77085,Basic,,2024-10-22 23:23:25
105,ff7fc396-b4df-434e-be1b-2ce6095f9ecf,Medley Capital Corporation,13499 Santa Cruz Drive,Mesa,Arizona,85205,Admin,322285752,2024-10-22 02:48:37
103,7c9cd5bb-ea66-4466-97f2-5dfd1604d8f3,"Medical Transcription Billing, Corp.",10975 Utica Way,Fort Lauderdale,Florida,33330,Nonprofit,,2024-10-22 02:37:01
285,e7dea67a-186a-4eaa-9b3d-3c29c6136ca8,Mazor Robotics Ltd.,14519 Culpepper Way,Nashville,Tennessee,37235,Nonprofit,,2024-10-22 20:19:30
115,8b64a794-54ce-4c2e-9776-cbf8553b1e1b,Marin Software Incorporated,3479 Hood Place,Saint Petersburg,Florida,33742,Standard,071900786,2024-10-22 03:50:46
389,f454e5b8-d128-4072-a3bd-13ff6d8f2b01,"Marathon Patent Group, Inc.",12348 Shubrick Court,Phoenix,Arizona,85035,Student,065302507,2024-10-23 06:34:14
329,59d0dc1b-1fd5-4750-aded-258feef9e4fc,Manulife Financial Corp,4769 Draughton Court,Glendale,California,91205,Seasonal,021202175,2024-10-23 00:38:21
59,fed72578-3b76-4a30-b7a1-b77315b25e87,"Maiden Holdings, Ltd.",925 Samantha Court,Milwaukee,Wisconsin,53234,Individual,104901610,2024-10-21 22:39:00
221,88e2328c-954e-4483-a9d8-01d0a1bce7fb,MYOS RENS Technology Inc.,14532 Twig Terrace,Atlanta,Georgia,31132,Affiliate,221370030,2024-10-22 13:58:56
310,94768883-14a2-4529-8684-8d0c5ee0b1e2,"MIDSTATES PETROLEUM COMPANY, INC.",3756 Gale Lane,Newport News,Virginia,23612,Premium,072404485,2024-10-22 23:02:58
442,30b2ead5-9dcc-4e94-8f20-55cb825da06d,MFS Special Value Trust,3777 Twig Terrace,Lansing,Michigan,48930,Admin,,2024-10-23 11:44:03
374,d904686e-705f-486a-9901-3f765d841377,MFC Bancorp Ltd.,7735 Gennesse Lane,Saint Paul,Minnesota,55103,Moderator,,2024-10-23 05:09:52
2,e16dec49-addb-460b-afd1-435ebb44ac40,MEDIFAST INC,8101 Becerril Court,Odessa,Texas,79769,Basic,,2024-10-21 17:15:32
257,f4e70dfd-5e53-41fd-b2ee-077ad5848112,"M.D.C. Holdings, Inc.",8129 Ellerslie Court,Tulsa,Oklahoma,74141,Nonprofit,125108492,2024-10-22 17:56:46
134,8e8a74f8-93fc-4f2b-ab8c-9c0c19b64346,Lumentum Holdings Inc.,6229 Bertucci Avenue,Lawrenceville,Georgia,30045,Guest,051403041,2024-10-22 05:34:39
85,098fda0b-654b-49cf-ba48-32e15a27b0bc,Long Island Iced Tea Corp.,9260 Picnic Place,Raleigh,North Carolina,27615,Nonprofit,064107091,2024-10-22 00:58:37
60,484c3be6-6c4f-413f-83fc-cf000c22358b,"LogMein, Inc.",14804 Saginaw Avenue,Newton,Massachusetts,02458,Moderator,,2024-10-21 22:40:33
440,0541f765-201c-41b0-9103-c633f5e6b251,Loews Corporation,7338 Fellowship Avenue,Washington,District of Columbia,20530,Admin,,2024-10-23 11:29:24
334,31afee10-c891-4618-966f-cb7a90a548e7,Liberty Global plc,10096 Hillcrest Drive,Tyler,Texas,75799,Enterprise,082900911,2024-10-23 00:57:58
379,dd21a7a9-dc35-4c08-8624-3d8715dbfb71,LiNiu Technology Group,14628 Orangeburg Terrace,Lynn,Massachusetts,01905,Nonprofit,041201703,2024-10-23 05:36:20
240,0a8f641d-8cdd-4083-8f2e-c461436c802a,Lennar Corporation,6873 Albatross Avenue,Sarasota,Florida,34233,Seasonal,122240308,2024-10-22 16:15:32
35,177401dc-4bd4-4b36-84b6-b10adae63a78,Lennar Corporation,1521 Perdido Bay,Reno,Nevada,89505,Admin,322070019,2024-10-21 20:22:21
304,85dd913d-9465-4b73-ad1d-a4adf130c378,LendingClub Corporation,8709 Robin Court,Corpus Christi,Texas,78415,Partner,053101396,2024-10-22 22:21:50
294,16f27c58-0bff-49b0-aced-d55c076a43f5,"Laureate Education, Inc.",1301 Zisa Court,Peoria,Illinois,61651,Admin,,2024-10-22 21:27:55
67,1161a37c-f4d6-4894-86c4-d196fb3f8435,Landmark Bancorp Inc.,2798 Chapman Loop,South Bend,Indiana,46634,Seasonal,,2024-10-21 23:23:54
258,da932e5a-97a8-4452-a8c7-900c237260b3,"Landauer, Inc.",4239 Lisa Lane,Columbia,South Carolina,29215,Affiliate,,2024-10-22 18:02:38
137,f1c6fd86-f35b-4244-b5ad-b70cc69320b4,Lamar Advertising Company,10766 Royal Palm Avenue,North Hollywood,California,91606,Lifetime,062205937,2024-10-22 05:48:52
79,82986ea0-be2d-4819-a478-d502f03690f1,La Jolla Pharmaceutical Company,8271 Cheltenham Court,Waco,Texas,76705,Reseller,271973775,2024-10-22 00:20:26
420,11db3c93-59bc-4c2e-ae1e-903d980f2704,Kroger Company (The),14982 Charski Court,Saint Louis,Missouri,63116,Student,101101581,2024-10-23 09:24:26
468,0fefe93b-7182-417c-afaa-09e1b961c809,Kopin Corporation,1599 Abel Place,Duluth,Georgia,30096,Standard,,2024-10-23 14:16:30
47,51de8371-7608-4a9f-acab-548e52f978e5,Kimco Realty Corporation,6845 Ambler Circle,Minneapolis,Minnesota,55436,Reseller,,2024-10-21 21:49:06
202,32222dda-9978-4aa1-86c4-294a783010e9,Key Tronic Corporation,9120 Ulmer Terrace,Mesa,Arizona,85215,Basic,113003389,2024-10-22 12:01:40
196,34ae7220-db7c-431a-a2d0-0da16892de77,"Key Energy Services, Inc.",11656 Fillmore Place,Lake Charles,Louisiana,70616,Nonprofit,221982156,2024-10-22 11:38:57
408,fa228b8c-c098-4032-b2a9-bd7a71b1e141,"Kelly Services, Inc.",3289 Dwight Drive,Kissimmee,Florida,34745,Moderator,,2024-10-23 08:12:17
290,c3d92670-b85d-44e9-8043-4d20bfeef62d,"Keane Group, Inc.",13010 Staunton Street,Houston,Texas,77040,Partner,053100300,2024-10-22 21:00:34
130,97a00e30-7c61-4527-b7eb-34a6a5c5fd04,Kayne Anderson Energy Development Company,12621 Silverstreet Way,Edmond,Oklahoma,73034,Seasonal,,2024-10-22 05:10:24
150,41ea7c93-e41d-4ffa-9fed-df3df169b458,KKR Income Opportunities Fund,14463 Woodfield Way,Beaverton,Oregon,97075,Trial,,2024-10-22 07:08:00
255,1c40b9c8-7976-4ff7-8709-01c9041fd175,"KCAP Financial, Inc.",2229 Jessup Street,San Rafael,California,94913,Premium,,2024-10-22 17:46:11
75,718d0585-6439-4b3c-844e-0aa9a5d6c423,"KCAP Financial, Inc.",512 Peninsula Street,Birmingham,Alabama,35279,Admin,,2024-10-22 00:06:48
396,78f5f171-7ecc-4b7b-b5bf-54d3a8e63187,John Hancock Preferred Income Fund,3849 Baffie Court,Atlanta,Georgia,30316,Trial,,2024-10-23 07:15:12
21,42053d7f-65dd-4a3f-a1ad-0f8010f21ca5,Jensyn Acquistion Corp.,7335 Amidei Path,Atlanta,Georgia,30336,Standard,,2024-10-21 18:56:51
347,e4af756c-532e-4061-82de-92253d416d2d,Jacobs Engineering Group Inc.,13376 Hayward Path,Los Angeles,California,90050,Basic,,2024-10-23 02:22:41
326,00ef71fd-4d4b-4f45-bd8c-14d52aa79215,JMP Group LLC,6420 Redwood Road,Waterbury,Connecticut,06721,VIP,,2024-10-23 00:26:51
378,9589d6db-f6af-4535-9928-a5d5ad3cd8f4,"JELD-WEN Holding, Inc.",3798 Willington Way,Raleigh,North Carolina,27626,Partner,021308817,2024-10-23 05:33:04
318,148c9a6b-e7f3-4450-b508-3461caa5bb39,"JA Solar Holdings, Co., Ltd.",14028 Pepperidge Circle,El Paso,Texas,79994,Individual,265270222,2024-10-22 23:37:46
275,f305d5e1-bfde-485e-8c39-2e6f45617552,"J. W. Mays, Inc.",3931 Penney Lane,Hagerstown,Maryland,21747,Affiliate,111101225,2024-10-22 19:25:26
474,58b780fc-c49d-4d14-9ecd-9e4ae0305ea9,Iridium Communications Inc,1310 Montoya Drive,Las Vegas,Nevada,89178,Nonprofit,,2024-10-23 14:49:51
248,2c881b67-ffbf-4a98-b9e4-f91f851d9eb3,Invesco Plc,13426 Roslyn Court,Hialeah,Florida,33013,Partner,,2024-10-22 17:01:18
355,83db3a23-fc40-420a-8f04-1869a2842c29,Invesco Municipal Income Opportunities Trust,748 Crystal Court,Tucson,Arizona,85732,Business,104901717,2024-10-23 03:17:53
457,92d12ddb-1ad9-4407-a1c8-3ed7fd0796e4,Invesco Credit Opportunities Fund,6478 Okefenokee Terrace,Little Rock,Arkansas,72215,Nonprofit,084107055,2024-10-23 13:07:36
388,2b486ef2-5468-4b60-8f70-0bfac160a6b3,"Intrawest Resorts Holdings, Inc.",14761 Truman Avenue,Roanoke,Virginia,24014,Standard,322170692,2024-10-23 06:24:23
433,9b268651-895e-4349-9da1-4699b9e5bb6c,"Interface, Inc.",3757 Moffitt Lane,Washington,District of Columbia,20210,Family,,2024-10-23 10:47:57
234,d1aac355-8d66-4569-afd2-159af3e8b985,"Insys Therapeutics, Inc.",13681 Monterey Lane,Huntington,West Virginia,25716,Standard,125106986,2024-10-22 15:36:43
30,07f91f7d-ae1b-4cb4-a7ad-928deef98f2e,"Insteel Industries, Inc.",1881 Essex Court,Minneapolis,Minnesota,55487,Enterprise,122187076,2024-10-21 19:59:52
224,679839e1-2ad1-466a-8b3d-395e59982743,"Installed Building Products, Inc.",7621 St. Thomas Lane,Denver,Colorado,80291,Guest,103112617,2024-10-22 14:19:58
454,b68bbd0b-1b92-48ac-91dc-060b990b34fc,Inphi Corporation,6546 Minnehan Terrace,Fayetteville,North Carolina,28314,Guest,113010217,2024-10-23 12:46:29
283,c02446a2-dacb-4223-9cef-70a37c41a96b,Illinois Tool Works Inc.,4832 Knox Terrace,Miami,Florida,33142,Trial,,2024-10-22 20:09:02
452,f29b95fa-6888-47b7-9464-de7baa7b83a4,"Ignyta, Inc.",6217 Cortez Avenue,Columbus,Ohio,43268,Trial,,2024-10-23 12:32:42
324,7deb52ca-f319-4796-8363-43e2a02f2456,IQ Chaikin U.S. Small Cap ETF,8093 Jacona Place,Chicago,Illinois,60641,Guest,067016590,2024-10-23 00:14:55
151,01a3d143-7b4d-4037-8a74-d66da12b55de,IPG Photonics Corporation,11889 Buttonwood Run,Columbus,Georgia,31904,Family,,2024-10-22 07:17:40
447,db06951d-7b54-425e-8bcb-06908662f9b3,"Hyster-Yale Materials Handling, Inc.",1759 Churchill Downs,Tampa,Florida,33647,Lifetime,,2024-10-23 12:09:38
27,972c1223-1900-4b22-8f2c-745b21ac08e8,"Hurco Companies, Inc.",8653 Townsend Terrace,Cincinnati,Ohio,45243,Trial,062204006,2024-10-21 19:37:47
122,faf54f1e-1e97-49e8-a422-cd742cadeb03,Hunter Maritime Acquisition Corp.,6702 Woodbridge Way,Knoxville,Tennessee,37914,Student,,2024-10-22 04:31:52
10,ef90211e-7918-4dc8-b8fe-f5b7146b8d14,"Hudson Technologies, Inc.",12175 Wheelock Street,Denver,Colorado,80262,Affiliate,,2024-10-21 17:54:48
82,4b7b21fa-f2bd-42b1-961c-6422321d14d3,"Hub Group, Inc.",12520 Lucky Lane,Hialeah,Florida,33018,Premium,081211135,2024-10-22 00:36:16
148,7e4ae2c5-e261-4d0b-8b2f-bad1b13899cf,Houston Wire & Cable Company,13776 Bucksport Avenue,Clearwater,Florida,34615,Temporary,111908143,2024-10-22 06:52:47
372,9af4ac91-b4be-466b-9c0d-b895df93ca24,Horizon Pharma plc,2716 Wenk Place,Pittsburgh,Pennsylvania,15220,Basic,,2024-10-23 04:59:34
346,7a36f9bf-6eca-4a4f-828f-a38bbfef57cb,"HopFed Bancorp, Inc.",9303 Kilcrease Loop,Dallas,Texas,75241,Guest,113002296,2024-10-23 02:16:07
412,bf913882-2f0c-4d5f-aab4-e20f835ed43b,Hooker Furniture Corporation,1586 Alcove Loop,Fresno,California,93715,Partner,,2024-10-23 08:35:42
50,514c0948-1fb2-477d-8459-16f61844bcbc,HollyFrontier Corporation,7736 Clay Terrace,Denton,Texas,76210,Trial,,2024-10-21 22:00:10
386,9875ff87-8146-45ec-8f6a-09021c4cd90d,Hoegh LNG Partners LP,9045 Allagash Avenue,New York City,New York,10131,Reseller,,2024-10-23 06:15:51
162,a25a6f45-32e1-4434-a97d-b9ffb0c01030,Highland/iBoxx Senior Loan ETF,1419 Morrison Place,New York City,New York,10292,Trial,061105232,2024-10-22 08:30:39
86,ff8775d1-a570-442d-a6ec-26271179109e,Helios and Matheson Analytics Inc,8437 Vista Place,Charleston,West Virginia,25362,Standard,,2024-10-22 01:05:10
320,0141404f-b05a-4722-96ce-6c272b86fd9f,"Hawaiian Telcom Holdco, Inc.",4654 Killington Loop,Newark,Delaware,19725,Family,,2024-10-22 23:55:52
354,f1b0a048-fe14-4d14-abc1-8e234e9ce8ee,"Guidance Software, Inc.",12346 Roleson Lane,Anchorage,Alaska,99507,VIP,107004352,2024-10-23 03:09:29
111,a26f6419-1297-4204-a316-f72665e1922c,"Great Western Bancorp, Inc.",10455 Underhill Court,Wichita,Kansas,67236,Moderator,122242092,2024-10-22 03:24:00
232,3ee21636-0710-4c43-ada0-fc60c8b12f90,Great Ajax Corp.,14300 Randolph Loop,Tucson,Arizona,85737,Admin,,2024-10-22 15:18:58
108,58818768-efa4-47ea-ac7a-de9f2c5547dc,Granite Real Estate Inc.,13536 Viola Court,El Paso,Texas,79999,Temporary,,2024-10-22 03:06:19
171,907fb205-7eb9-4553-ae28-33ee1a31811e,Government Properties Income Trust,9862 Quartz Aveniue,Tampa,Florida,33633,Basic,,2024-10-22 09:14:08
384,3ae79e34-017e-4356-be46-f1f040a67b56,"Gores Holdings II, Inc.",5245 Gilson Loop,Concord,California,94522,Premium,031203999,2024-10-23 06:01:54
425,770a803d-cfd2-4bf2-8f4e-9bb837cc3425,Goldman Sachs MLP Income Opportunities Fund,10112 Jill Street,Houston,Texas,77030,Basic,022000839,2024-10-23 09:55:08
309,1883d987-ea83-459e-a06a-a894e11f1450,Goldcorp Inc.,13704 Seabrook Court,Fort Wayne,Indiana,46896,VIP,,2024-10-22 22:53:45
394,f1d09946-e5bf-4778-8d90-03a37bf17f11,Golar LNG Partners LP,3314 Port Royal Court,Sacramento,California,94257,Temporary,,2024-10-23 07:02:21
200,0ab53c9c-585b-4cf3-8251-886c5e0939e2,Global X Robotics & Artificial Intelligence ETF,11226 Marston Way,New York City,New York,10155,Trial,,2024-10-22 11:52:08
417,2f49ae48-eba2-4d3d-8ee9-7bc7bd614d19,Global X Millennials Thematic ETF,12165 Keystone Court,Duluth,Minnesota,55805,Reseller,071904517,2024-10-23 09:10:47
233,9c772c80-2996-4126-a978-352c0376e5d2,Global X Conscious Companies ETF,11998 Evelynton Loop,Spokane,Washington,99220,Partner,,2024-10-22 15:28:32
191,7ec6dd7b-603a-4491-beab-06884d699ce6,Global Partner Acquisition Corp.,1388 Bower Lane,Herndon,Virginia,22070,Enterprise,,2024-10-22 11:16:39
471,5822e44d-ed21-4f90-ac05-382a928ae03a,Global Indemnity Limited,10651 Nature Lane,Amarillo,Texas,79182,Premium,,2024-10-23 14:33:24
239,74f366a4-ad7d-4168-8eb1-be470fff7422,Gladstone Land Corporation,6596 Hammond Place,Charleston,West Virginia,25305,Business,,2024-10-22 16:10:35
133,eb487bc8-6bb6-42fb-884f-6867f423667e,Gladstone Investment Corporation,7606 Britton Drive,Trenton,New Jersey,08603,Admin,084008358,2024-10-22 05:29:06
169,9f996c5f-9fe5-4045-a10d-9029b6b6903f,Gigamon Inc.,6607 Buttonwood Run,Baltimore,Maryland,21216,Student,092101289,2024-10-22 09:00:30
269,9cc47a01-902c-4750-a10f-f0013f3fe9a4,Geospace Technologies Corporation,8034 Othello Court,Englewood,Colorado,80150,Moderator,104102781,2024-10-22 18:54:47
52,51876e51-07cd-489d-8120-860bd15ad299,Genworth Financial Inc,770 Fraser Court,Memphis,Tennessee,38119,Student,082901813,2024-10-21 22:13:41
146,f12b0787-d886-4029-9f67-cf1827febb79,"Genius Brands International, Inc.",3647 Quailey Court,El Paso,Texas,79968,VIP,,2024-10-22 06:46:26
267,92b1002a-55bd-4bad-b9c8-491f40d9346a,"Genesis Healthcare, Inc.",10978 Junction Place,Tacoma,Washington,98464,Lifetime,,2024-10-22 18:42:54
57,eae208e1-6028-431d-b07f-0a1eb939d010,General Cable Corporation,6701 Walhalla Way,Santa Barbara,California,93111,Premium,,2024-10-21 22:29:22
323,2319a575-84e4-4e4f-b5d9-aa7af22b7fc9,GasLog Partners LP,4761 Becerra Street,Houston,Texas,77060,Trial,,2024-10-23 00:11:04
142,d64dd6b6-456a-4d77-82f9-a09959f94576,Galapagos NV,13676 Melody Avenue,Chico,California,95973,Standard,,2024-10-22 06:16:18
305,5f118443-7ff0-436d-ad01-c3f73a8adf50,Gabelli Utility Trust (The),4408 Gillespie Lane,New York City,New York,10105,Seasonal,103012869,2024-10-22 22:28:03
70,83cadd52-2036-4851-83de-815813db45c4,Gabelli Multi-Media Trust Inc. (The),11673 Wimberly Place,Valley Forge,Pennsylvania,19495,Nonprofit,,2024-10-21 23:38:31
341,1f93bcbc-50c6-4e48-b604-e64010d88847,Gabelli Global Small and Mid Cap Value Trust (The),14167 Napa Lane,Saint Augustine,Florida,32092,Partner,,2024-10-23 01:45:17
193,0edd5fc1-251f-4a14-b300-70754cd65893,"Gabelli Equity Trust, Inc. (The)",1298 Zeek Place,Shreveport,Louisiana,71161,Premium,,2024-10-22 11:25:50
411,826c82e2-a61d-4f63-8ab9-87e0cd83db79,"GTY Technology Holdings, Inc.",11356 Embrook Street,Miami,Florida,33180,VIP,,2024-10-23 08:27:54
441,5677399e-b1f6-442a-a119-423fa9df5c7f,"GSI Technology, Inc.",13771 Kline Street,Santa Rosa,California,95405,Student,067003985,2024-10-23 11:34:48
413,ba0bd522-17e4-48a5-8b6d-3026d34c8d4f,GDS Holdings Limited,7950 Rock Hill Lane,Melbourne,Florida,32919,Business,062204938,2024-10-23 08:37:39
381,a912dfe2-0c86-4fb7-bdcf-58d9e8fd7799,GATX Corporation,8316 Geddes Terrace,Jamaica,New York,11431,Admin,,2024-10-23 05:49:07
201,b5931f17-b3dd-48d0-ba1a-4b885694fc65,Fuling Global Inc.,1342 Jessmyth Place,Colorado Springs,Colorado,80935,Family,322283178,2024-10-22 11:59:52
112,562790d9-a055-416b-9b6e-7c268e6d0bba,"Fulgent Genetics, Inc.",12032 Gerry Andrews Place,Killeen,Texas,76544,Reseller,122220506,2024-10-22 03:31:16
391,ae47a806-03ec-4487-aaf9-84792de38d9e,Frontier Communications Corporation,4783 Fieldstone Path,Fargo,North Dakota,58106,Basic,021201011,2024-10-23 06:44:50
351,63b194cf-7198-4d60-8c36-47e20136436c,"Fresh Del Monte Produce, Inc.",12875 Anchorage Road,Schenectady,New York,12305,Affiliate,104902392,2024-10-23 02:49:30
476,0c6e1c37-a271-4bfa-9e39-cffa4a7db0de,"Franklin Resources, Inc.",13676 Berrington Loop,Memphis,Tennessee,38109,Affiliate,062203395,2024-10-23 14:53:22
43,178f6359-b096-4f2b-bb5a-f684bf18e778,Francesca's Holdings Corporation,3249 Hydrangea Avenue,Denver,Colorado,80217,Admin,,2024-10-21 21:23:09
277,a7448fe8-c5a6-447a-916d-267d10ec0d07,"Fossil Group, Inc.",14627 Ashwood Run,Tucson,Arizona,85743,Individual,,2024-10-22 19:32:57
156,ca33f8fa-e3e7-480a-9802-3ff63e48743e,Forum Merger Corporation,10576 Dobbins Terrace,Lees Summit,Missouri,64082,Partner,101105299,2024-10-22 07:46:59
211,caa0d2cd-1bee-4eeb-bfa0-0f8764681679,Fortive Corporation,5875 Baypoint Way,Tucson,Arizona,85705,Temporary,107006554,2024-10-22 13:03:59
405,d16fd7ab-3c17-40cd-9a30-0279dd842819,"First US Bancshares, Inc.",5825 Clark Court,Greenville,South Carolina,29605,Temporary,,2024-10-23 07:56:15
33,548f5d40-add0-470a-a797-4333fbd89177,First Trust SSI Strategic Convertible Securities ETF,11044 Orgovan Avenue,San Francisco,California,94105,Moderator,,2024-10-21 20:11:53
19,d7673450-bee3-414b-841e-4e898e2da4cb,First Trust RiverFront Dynamic Developed International ETF,13603 Arteaga Way,Indianapolis,Indiana,46295,Temporary,,2024-10-21 18:39:29
210,b849939a-ddaf-4cd2-ac8d-5638afe7331f,First Trust RBA American Industrial Renaissance ETF,13473 Littlestone Terrace,Whittier,California,90610,Guest,,2024-10-22 12:54:54
12,38d305af-8748-468b-ab91-5291d73bc956,First Trust Nasdaq Pharmaceuticals ETF,9689 Virginia Drive,Carol Stream,Illinois,60351,Family,,2024-10-21 18:08:20
274,3169ad80-f78b-4fc7-a4de-b31fb8cb6958,First Trust NASDAQ Global Auto Index Fund,5733 Penney Lane,Atlanta,Georgia,30323,Enterprise,322270408,2024-10-22 19:21:00
155,692ac89a-a613-45ea-99c6-483375082786,First Trust Eurozone AlphaDEX ETF,12625 Chitty Chatty Run,Philadelphia,Pennsylvania,19172,Admin,101101989,2024-10-22 07:38:25
401,6943d24b-bf82-412f-8402-3e61b7b8d947,First Data Corporation,8650 Rosella Place,Aiken,South Carolina,29805,Affiliate,,2024-10-23 07:36:16
6,990496d2-1793-4645-bb7e-7a31d0ff7471,First Commonwealth Financial Corporation,6652 Karen Garner Place,Pittsburgh,Pennsylvania,15235,Enterprise,,2024-10-21 17:33:53
364,65f90a78-4b0e-41f7-ad3b-e0dadd114f36,"FireEye, Inc.",11146 Colson Court,Louisville,Kentucky,40298,Seasonal,,2024-10-23 04:21:59
299,1134b470-4d30-4f74-9da2-f8b15a3a6fac,FinTech Acquisition Corp. II,9370 O'Day Street,Lincoln,Nebraska,68583,Standard,,2024-10-22 21:56:19
307,773380e2-caea-4dd7-89b4-d20601a4abbb,Ferroglobe PLC,14675 Alyssa Lane,Woburn,Massachusetts,01813,Reseller,,2024-10-22 22:36:15
382,6b9d2654-5204-4f1f-a9f9-7d5ceaa5c14c,"FRP Holdings, Inc.",4901 Whalin Way,Fort Lauderdale,Florida,33310,Partner,031318606,2024-10-23 05:55:06
1,a5152d84-7a48-48a8-898a-ad438f4e01c6,Equitable Financial Corp.,1338 Benitez Street,Boise,Idaho,83716,Lifetime,,2024-10-21 17:13:44
53,614c9cfd-9995-47c6-91e3-6d34a7c59c5f,"Enphase Energy, Inc.",2418 Picnic Place,San Antonio,Texas,78210,Enterprise,,2024-10-21 22:15:08
306,7d4315e0-95f8-49f2-b97f-a5e7e94dd80e,"Energy Transfer Equity, L.P.",5969 Irish Court,Ashburn,Virginia,22093,Lifetime,063100620,2024-10-22 22:31:41
261,0c685d50-7a80-4481-be7a-c896d86e0128,"Energy Focus, Inc.",14332 Bluffton Road,Rochester,New York,14652,Nonprofit,,2024-10-22 18:14:33
94,65b601de-9044-451c-9ed8-abebf4c1b003,Encore Capital Group Inc,14625 Quaker Court,Houston,Texas,77260,Affiliate,,2024-10-22 01:50:28
392,da13732e-5e53-4a34-8dfb-91570390c712,"Enanta Pharmaceuticals, Inc.",11409 Kenneth Street,Erie,Pennsylvania,16510,VIP,,2024-10-23 06:48:42
390,b6d4fe37-cb46-4f1c-8453-16d2434a62fd,"EnLink Midstream Partners, LP",2004 Dorst Lane,Shreveport,Louisiana,71115,Individual,,2024-10-23 06:42:38
157,34a6cd21-f0ab-4fe6-b5e0-cc7b24ec456d,"Ellie Mae, Inc.",9963 Schaeffer Terrace,Miami,Florida,33164,Lifetime,,2024-10-22 07:54:19
399,3a354d64-f163-4432-95a3-dc6a07366634,EchoStar Corporation,6666 Ventura Drive,Madison,Wisconsin,53779,Affiliate,,2024-10-23 07:29:19
429,ebb22be0-a3cf-4557-9d92-87af186e0d58,Eaton vance Floating-Rate Income Plus Fund,14136 Braxton Street,Washington,District of Columbia,20268,Student,,2024-10-23 10:24:28
215,cb3ec2ca-ec5c-4a89-ab18-d71240901e8e,Eaton Vance Corporation,7468 Mccabe Street,Clearwater,Florida,34620,Reseller,053112576,2024-10-22 13:25:07
453,574c0ba3-c49b-4210-8909-871131c36d7d,"EastGroup Properties, Inc.",13466 Jean Lane,Young America,Minnesota,55573,Reseller,,2024-10-23 12:37:25
181,be2abc90-a191-4393-ad3e-f2c726a096dd,Eagle Point Credit Company Inc.,3009 Dipper Loop,El Paso,Texas,79977,Individual,031376017,2024-10-22 10:21:37
444,87ec47d8-dd74-4743-bf1f-d388adfde552,ESSA Pharma Inc.,7704 Coults Circle,Washington,District of Columbia,20414,Standard,,2024-10-23 11:56:11
370,03d21b55-1683-4d88-acf7-8b08ae2b6b23,"Dynex Capital, Inc.",9775 Formosa Terrace,Stockton,California,95205,Guest,321070007,2024-10-23 04:46:10
26,e4350f55-5e02-4cc1-ab9e-5f898320990e,Dynegy Inc.,14306 Hibiscus Drive,Lehigh Acres,Florida,33972,Temporary,031317788,2024-10-21 19:28:12
207,3fcfcb77-ab25-4fa5-870e-3fa713f8f049,Double Eagle Acquisition Corp.,12815 Cyr Court,Honolulu,Hawaii,96845,Trial,102301092,2024-10-22 12:32:58
368,86ae95e4-f8b2-4f3c-94fe-47d20a3f6481,"Dorchester Minerals, L.P.",172 Wilson Way,Miami,Florida,33134,Trial,,2024-10-23 04:43:39
328,5f72e029-73cd-4a34-adc5-b3f120572354,"Donegal Group, Inc.",3519 Wiggins Terrace,Charlotte,North Carolina,28247,Basic,,2024-10-23 00:35:15
259,a027ee89-901e-46c7-b659-34f58411518a,"Dominion Energy, Inc.",5304 Mincey Loop,Wichita,Kansas,67260,Student,011001962,2024-10-22 18:06:10
337,f598b21d-e8bd-4d4c-be45-699660e52d20,"Diversified Restaurant Holdings, Inc.",10848 Valentine Avenue,Fort Wayne,Indiana,46814,Lifetime,102001017,2024-10-23 01:17:21
104,7c0dd63f-f3ab-4532-ac59-1f6e4401193e,"Dime Community Bancshares, Inc.",5039 Lane Terrace,Silver Spring,Maryland,20918,Trial,091402947,2024-10-22 02:44:36
343,41b6420c-e386-47d2-baa5-808305b382f5,"Dillard's, Inc.",5850 Yarborough Way,Las Vegas,Nevada,89120,Individual,,2024-10-23 02:02:20
110,c3e1ee89-bab5-4493-a694-4ffbf1d7d86b,Dextera Surgical Inc.,1868 Sagamore Street,Scranton,Pennsylvania,18514,Basic,065303386,2024-10-22 03:21:53
282,a68fc3cc-8366-447f-b8ef-eeccdde54ff9,"DexCom, Inc.",1700 Vision Court,Saint Paul,Minnesota,55127,Premium,021202609,2024-10-22 20:07:01
88,abdf5e3a-5a5d-48c9-a7a9-e26f5e10de68,Deutsch Bk Contingent Cap Tr V,3164 Navarro Court,Virginia Beach,Virginia,23464,Basic,322273272,2024-10-22 01:16:08
463,df2a9aa8-b5de-48ec-b1aa-e8f750e2be6d,Delta Technology Holdings Limited,9894 Chatham Avenue,Pittsburgh,Pennsylvania,15215,Admin,123206590,2024-10-23 13:42:44
189,95ceb3ae-2fa5-42aa-9926-7d9acc72bb49,"Delta Natural Gas Company, Inc.",6659 Kindle Avenue,Harrisburg,Pennsylvania,17121,Lifetime,,2024-10-22 11:03:53
129,44ebb136-1dde-4bb5-9315-37688446edc8,"Delcath Systems, Inc.",10268 Cordova Circle,Gaithersburg,Maryland,20883,Partner,,2024-10-22 05:03:15
424,0283cc31-4aaf-46c3-a1bd-f7d2d03bafd7,Davis Select U.S. Equity ETF,9170 Fairmount Court,Boston,Massachusetts,02119,Reseller,084304573,2024-10-23 09:48:38
206,ce42994e-18d4-4bb7-8ed5-074a40758aa7,"Daseke, Inc.",10494 Yondel Circle,Hattiesburg,Mississippi,39404,Individual,114993906,2024-10-22 12:25:41
158,2c5680a8-7b65-44d6-91f3-08d10cd6f413,"Crown Holdings, Inc.",8518 Mcduffie Court,Topeka,Kansas,66699,Premium,,2024-10-22 08:01:17
254,b4fc8b48-aaeb-44c9-8407-bf5553be06d0,Costamare Inc.,9970 MacIntyre Lane,Bethlehem,Pennsylvania,18018,Guest,,2024-10-22 17:39:13
317,88434964-822e-414a-b85c-d618f2ebe535,"Corvus Pharmaceuticals, Inc.",10575 Wakefield Terrace,Phoenix,Arizona,85015,Trial,,2024-10-22 23:30:26
71,2e2e7813-c4fc-4504-a119-010ddb4240f8,Constellium N.V.,13786 Hensley Avenue,Sacramento,California,94273,Individual,,2024-10-21 23:46:31
123,2094e234-84dd-47c7-a449-8da8c844482b,"Computer Task Group, Incorporated",8184 Mount Carmel Terrace,Seminole,Florida,34642,Standard,,2024-10-22 04:36:53
51,85398897-c9ec-4a61-a1e3-b46e98ed325d,"Computer Programs and Systems, Inc.",11476 Benjamin Place,Fort Worth,Texas,76105,Lifetime,,2024-10-21 22:05:48
46,17857b0d-6314-4177-8b14-5d16da69d76f,Compugen Ltd.,12716 Clarendon Court,Silver Spring,Maryland,20910,Standard,,2024-10-21 21:40:29
319,68021504-a1b5-4da8-8278-d39fa9784073,Community West Bancshares,12824 Karney Drive,New York City,New York,10275,Business,,2024-10-22 23:47:11
435,a309b07c-9f6a-47cb-9b7e-e4de332cdae2,"Comfort Systems USA, Inc.",3034 Hutcheson Way,Boise,Idaho,83711,Nonprofit,101115098,2024-10-23 10:59:59
352,b80d1409-24b6-4c56-90da-6d8a1aea753c,"Colony NorthStar, Inc.",6871 Fountainhead Avenue,Lansing,Michigan,48912,Lifetime,,2024-10-23 02:58:13
213,e2064692-5cb8-4327-ba38-f3c9423cf93b,"Colony Bankcorp, Inc.",8935 Smithfield Place,Springfield,Illinois,62711,Partner,,2024-10-22 13:11:19
178,8b9e6b60-6e67-4cbd-ab31-3719e9268821,Colonial Investment Grade Municipal Trust,8010 Carter Path,Reston,Virginia,22096,Standard,122043482,2024-10-22 10:02:16
407,b5394274-a748-4183-bbdb-e9d4ad2a34b7,Colfax Corporation,2494 Oakdale Place,Bronx,New York,10459,Premium,,2024-10-23 08:09:48
127,71c99c1f-1008-48e3-b16b-ab5f0f0e1f47,"Cohen & Steers Total Return Realty Fund, Inc.",1152 Whiting Way,Buffalo,New York,14210,Individual,125000024,2024-10-22 04:56:59
235,2a51589f-a73a-407d-aadc-1a076ec82048,"Cohen & Steers Closed-End Opportunity Fund, Inc.",606 Carver Court,Roanoke,Virginia,24029,Basic,091409717,2024-10-22 15:45:55
54,08518fb1-1743-4b1f-8b72-be940d2a3163,Cognex Corporation,2449 Matisse Avenue,Allentown,Pennsylvania,18105,Partner,107003023,2024-10-21 22:17:35
7,dd3f2d19-266a-4a57-b07a-8b6fea245771,"CoStar Group, Inc.",8334 Nation Court,Washington,District of Columbia,20010,Premium,062200466,2024-10-21 17:38:52
45,ec3df9e7-111e-4edf-97ef-3b359dc82364,CoBiz Financial Inc.,14149 Palladino Place,Monroe,Louisiana,71213,Temporary,084003191,2024-10-21 21:31:00
272,30ff32e6-8bd9-488e-856e-4e0cd9cd50f5,"ClubCorp Holdings, Inc.",6935 Reece Patterson Drive,Gatesville,Texas,76598,Student,101001089,2024-10-22 19:12:48
241,d3ec707b-f985-4f66-a008-0e1c0852b3ef,ClearBridge Energy MLP Fund Inc.,3587 Grimball Avenue,Waltham,Massachusetts,02453,Individual,113107612,2024-10-22 16:20:39
265,e48595bd-5ac9-4f5a-9761-271a453c6848,"Citizens, Inc.",2776 Abel Place,Springfield,Massachusetts,01129,Premium,,2024-10-22 18:34:54
338,5603498e-a17e-46e4-abbd-0621f5c2b686,Ciner Resources LP,8458 Kaolin Path,Indianapolis,Indiana,46226,Admin,,2024-10-23 01:24:51
375,eb0410e6-98f8-4c82-9059-adf56a5b02c4,"Chuy's Holdings, Inc.",1228 Claudio Lane,Brea,California,92822,Affiliate,,2024-10-23 05:15:30
385,d9d5e9ba-c569-4c96-974e-6ddaff0776a2,"Church & Dwight Company, Inc.",14717 Blueberry Way,Columbus,Ohio,43240,Nonprofit,,2024-10-23 06:06:02
140,c0161db6-948a-4df6-9216-32cf3296ff96,"Choice Hotels International, Inc.",5907 Belcherry Loop,Minneapolis,Minnesota,55448,Reseller,,2024-10-22 06:07:48
311,2f534e94-7ee5-4679-88c2-5cf36b28806f,China Lending Corporation,4919 Dalkeith Terrace,Appleton,Wisconsin,54915,Temporary,081503500,2024-10-22 23:06:13
87,63033dda-43c9-4c05-b487-28464c4a3bfe,Cherry Hill Mortgage Investment Corporation,6530 Sagamore Street,Las Vegas,Nevada,89105,Student,084001915,2024-10-22 01:11:13
333,b5280f99-67b7-490e-aff8-b763a6ca90b3,Cerner Corporation,6298 Oviedo Court,Austin,Texas,78783,Family,,2024-10-23 00:53:12
431,eea6208c-c0c3-4f2a-87f6-6264327a19ed,Cerecor Inc.,8551 La Posada Drive,Salt Lake City,Utah,84115,Partner,116325666,2024-10-23 10:40:36
466,b40b0bc6-be06-4187-8a30-ad0e9c131a38,Cementos Pacasmayo S.A.A.,12257 Mayo Court,Fayetteville,North Carolina,28305,Enterprise,,2024-10-23 14:00:31
256,adb28b81-cce7-47c5-b37d-afa0296c5336,"Celsius Holdings, Inc.",12090 Heath Springs Drive,Kalamazoo,Michigan,49048,Moderator,284272780,2024-10-22 17:48:31
14,59a256e5-b7df-431d-b010-0e15a93af58e,"Celestica, Inc.",9766 Cardinal Court,South Bend,Indiana,46620,Moderator,061111653,2024-10-21 18:16:21
365,defa1a33-eca7-4536-b90d-c48bfbfb4ac0,"Carolina Trust BancShares, Inc.",3222 Delgado Avenue,Austin,Texas,78744,Student,,2024-10-23 04:29:40
395,f3190d06-98b2-4e7d-bad6-37ce1f017b48,"Cardiovascular Systems, Inc.",14779 Congaree Loop,Shawnee Mission,Kansas,66205,Seasonal,,2024-10-23 07:05:20
212,6caf1f91-ea9d-4cbb-b3bb-37447b76f650,CardConnect Corp.,3035 Fort Terrace,Lincoln,Nebraska,68517,Student,075906838,2024-10-22 13:08:30
340,f8669509-6ded-45dc-9516-06d8560bc560,"Capricor Therapeutics, Inc.",13310 Astoria Avenue,Charleston,West Virginia,25321,Individual,051401331,2024-10-23 01:36:18
422,2f515088-a640-418d-989b-e033ba3360e3,Capitol Acquisition Corp. III,1459 De Lancy Lane,Kalamazoo,Michigan,49006,Temporary,221471324,2024-10-23 09:39:12
361,6c052782-37a7-42c6-85e0-d40f3167f7db,Capital One Financial Corporation,10479 Palm Aire Drive,Glendale,California,91210,Lifetime,,2024-10-23 03:57:22
141,5c3daae4-4e98-41ee-82e2-57950a6ae7a5,Canadian Pacific Railway Limited,4959 Wartinbee Lane,Naples,Florida,34108,Moderator,072402364,2024-10-22 06:12:20
96,6c13394d-9818-4a95-8197-329b1a1ad2b1,"Calumet Specialty Products Partners, L.P.",368 Little Lane,Corpus Christi,Texas,78475,Partner,111104798,2024-10-22 02:03:52
402,da992a1c-deb6-41e3-85b5-79f62dc6496a,"Callidus Software, Inc.",14846 Shannon Loop,Albany,New York,12222,Enterprise,021308781,2024-10-23 07:42:27
175,f7346bdb-b333-4741-8de9-7614007ad4d7,Calamos Convertible and High Income Fund,5396 Miona Shores Drive,Miami,Florida,33196,Enterprise,,2024-10-22 09:42:15
180,0593e2ef-a815-48c2-972e-8767ec6f7ee1,CTS Corporation,9334 Placid Terrace,Washington,District of Columbia,20099,Affiliate,101089823,2024-10-22 10:15:02
190,0aa73721-b257-43ba-a9ee-7824fed5ee94,CSP Inc.,11310 Underbrush Trail,Sacramento,California,94286,Reseller,011807043,2024-10-22 11:08:52
48,4e4feae4-20a0-4435-9eec-5551ac0aba9d,CPFL Energia S.A.,1722 Incorvaia Way,Moreno Valley,California,92555,Basic,,2024-10-21 21:54:12
184,b77bfcc5-42f7-4618-912a-b59e82602d68,CF Corporation,12318 Townsend Terrace,Muskegon,Michigan,49444,Admin,061101333,2024-10-22 10:39:19
195,2784cc34-2399-4d44-b4c4-161022018af1,"CDK Global, Inc.",6468 Deskin Lane,Chicago,Illinois,60614,Moderator,,2024-10-22 11:34:05
344,c4361f65-6e48-4275-98b9-d618cb9ffbfd,CBS Corporation,249 Grovewood Place,Buffalo,New York,14263,Nonprofit,031918527,2024-10-23 02:06:50
353,c83abc14-7e08-4d06-aa95-fc8d70888697,C&F Financial Corporation,8594 Jernigan Place,Portland,Oregon,97240,Reseller,,2024-10-23 03:03:20
403,68eb2c55-7756-4f8f-97ad-c3737e8f4ddb,"BroadSoft, Inc.",1402 Walhalla Way,Abilene,Texas,79699,Seasonal,042207735,2024-10-23 07:52:21
64,c15313f1-920d-49fa-ad7d-6978a47b3fbb,Brink's Company (The),5750 Margaux Trail,Dallas,Texas,75397,Student,321070007,2024-10-21 23:06:30
448,d57c6f43-7dac-42c7-8014-29d40fc463fc,"Bravo Brio Restaurant Group, Inc.",3048 De Hoyos Place,El Paso,Texas,79934,Individual,,2024-10-23 12:11:41
187,5d8d1de0-d9a8-46c1-a964-a8d48402e31e,Brady Corporation,6500 Swicord Street,Brooklyn,New York,11241,Partner,,2024-10-22 10:54:34
428,6478e9de-2194-4ee3-ad13-d7aa698de267,"Boston Private Financial Holdings, Inc.",12250 Five Forks Trail,Grand Rapids,Michigan,49518,Lifetime,,2024-10-23 10:16:08
225,23bbd3ed-a4d1-4155-b5cf-37680250cbf5,Boston Omaha Corporation,14212 Apache Court,Camden,New Jersey,08104,Enterprise,,2024-10-22 14:25:32
197,a2a602ed-ba29-4c3e-b394-6d3c8cba15f5,Boeing Company (The),3026 Merhottein Loop,Lexington,Kentucky,40591,Standard,,2024-10-22 11:46:56
28,e2115367-113a-46f1-a432-d9eed6bee0ca,Blackrock Municipal Bond Trust,9277 McKnight Loop,Sacramento,California,95894,Family,,2024-10-21 19:43:58
339,8a66b26a-6fbb-4868-bbc0-ae9675b48f4f,"Blackrock MuniYield Quality Fund II, Inc.",7309 Dwayne Avenue,Virginia Beach,Virginia,23471,Student,091202736,2024-10-23 01:30:55
438,ad68ec78-4e92-45a3-ba3f-9e9c4c588793,Blackrock MuniYield Investment QualityFund,4452 Wayland Street,Salt Lake City,Utah,84199,Guest,072403554,2024-10-23 11:17:07
15,d6938362-61e1-432e-a9e9-4c392df8f765,"Blackrock MuniHoldings Quality Fund, Inc.",4430 Ingleside Drive,Corpus Christi,Texas,78465,Admin,111024548,2024-10-21 18:23:12
314,585a505b-5218-495e-921f-519eb7b1b623,Blackrock Global,1839 Allagash Avenue,Pittsburgh,Pennsylvania,15274,Standard,,2024-10-22 23:16:48
434,dd19d896-9b8a-499b-845e-77a03e542c5f,BlackRock Long-Term Municipal Advantage Trust,12979 Trussler Terrace,Akron,Ohio,44329,Premium,062201083,2024-10-23 10:51:12
251,f1f7bb0c-9bdb-4e31-adc9-32b808e84aaa,BlackRock Income Trust Inc. (The),2121 Richmond Drive,Macon,Georgia,31210,Enterprise,,2024-10-22 17:21:59
8,a515a118-9542-4bb6-846f-db02f706c033,BlackRock Capital Investment Corporation,6527 Vanceboro Court,Fresno,California,93750,Partner,051404118,2024-10-21 17:44:52
44,d49e4d19-3754-4d95-9ce2-3453e39d8e89,"Black Stone Minerals, L.P.",6539 Varnville Way,Durham,North Carolina,27717,VIP,,2024-10-21 21:26:05
194,df99e61a-5fbb-4358-953e-4ebbef3a89da,"Biolase, Inc.",9163 Memory Avenue,Pittsburgh,Pennsylvania,15279,Temporary,103107046,2024-10-22 11:27:36
286,aaf14f8f-ff57-464a-9536-e05e02b94682,"Big Lots, Inc.",10718 Langham Court,Manassas,Virginia,22111,Guest,,2024-10-22 20:29:12
322,ed9ad6b7-00b5-4fda-bc15-caa8ccd7247e,"Benefitfocus, Inc.",5073 East Gaffney Avenue,Waterloo,Iowa,50706,Business,081519507,2024-10-23 00:07:02
166,706d0fe4-fb90-47f7-bdc5-6cbcfeb117ac,Barington/Hilco Acquisition Corp.,10776 Jungle Plum Way,Van Nuys,California,91499,Seasonal,,2024-10-22 08:46:47
98,3f292619-5990-48ab-b9ce-64442ba1e945,Barington/Hilco Acquisition Corp.,3737 Seebald Street,Fort Worth,Texas,76147,Lifetime,084204709,2024-10-22 02:06:44
253,d03bb910-2e9c-4a37-8929-ad3f1886d059,Bank of N.T. Butterfield & Son Limited (The),8804 Puccio Terrace,New Bedford,Massachusetts,02745,Standard,,2024-10-22 17:32:57
89,febdff23-2eaa-4143-add7-ab9f8d229b40,Bank of Commerce Holdings (CA),13714 Madeline Lane,Vienna,Virginia,22184,Trial,111901580,2024-10-22 01:19:01
41,98592468-9fda-4e5e-9fa9-da601fc74e7c,Banco Bradesco Sa,14303 Driftwood Place,Odessa,Texas,79764,Guest,067092640,2024-10-21 21:09:24
3,8616beaf-4d9e-45db-a025-9193d8603be0,Banco Bradesco Sa,13 Innfields Court,Erie,Pennsylvania,16550,Business,,2024-10-21 17:21:23
472,36e5ca2b-db61-4677-b6c6-8128cc47bfba,BP Prudhoe Bay Royalty Trust,4126 Osage Place,Boulder,Colorado,80305,Trial,083902154,2024-10-23 14:40:47
39,2c862d3d-7958-46ef-82dc-fa90b543ac37,"BCB Bancorp, Inc. (NJ)",14087 Evinston Court,Midland,Texas,79705,Reseller,084309125,2024-10-21 20:51:03
313,f4c88bba-d29f-4b0b-b2a9-e5ca35e9ccfc,B.O.S. Better Online Solutions,2832 Bent Tree Lane,Richmond,Virginia,23260,Nonprofit,,2024-10-22 23:14:07
101,95c9342a-2a68-473d-95b5-a9dcd71187f8,Axovant Sciences Ltd.,6263 Mallory Hill Drive,Charlotte,North Carolina,28210,Partner,041207040,2024-10-22 02:24:10
107,663c8e88-c3b5-4cb3-a7e5-cda59a72a89d,Avista Healthcare Public Acquisition Corp.,7823 Odeum Street,Saint Petersburg,Florida,33715,Premium,101110080,2024-10-22 03:00:38
300,6d1eac39-6ea7-4908-995e-436b5ca3321b,"Aviat Networks, Inc.",4841 Bower Lane,Greensboro,North Carolina,27409,Individual,071909363,2024-10-22 22:02:56
204,562e76e7-d5dc-4d1a-8227-a58785e7a537,Avadel Pharmaceuticals plc,11051 Macarthur Court,Buffalo,New York,14225,Seasonal,081005794,2024-10-22 12:13:57
415,7c0ccaa9-3d73-48f6-9748-b5ec83559d97,"Automatic Data Processing, Inc.",14381 Marcella Path,Jamaica,New York,11436,Standard,,2024-10-23 08:51:57
308,fc08503d-85bd-4e2c-be27-476b91b724fb,Atrion Corporation,11181 Treeline Place,Riverside,California,92513,Enterprise,,2024-10-22 22:46:03
268,6f99c525-9914-40b5-aab6-59dfca95524b,"Atlas Financial Holdings, Inc.",5509 Key Deer Path,Las Vegas,Nevada,89140,Basic,226070296,2024-10-22 18:50:29
443,1b3fb1d6-82a7-43dd-96c0-031f36afd603,"Assurant, Inc.",13156 Kenya Street,Lafayette,Indiana,47905,Partner,107006664,2024-10-23 11:47:18
350,abd77cfc-d389-417f-be48-1efd82282c59,Ashford Hospitality Trust Inc,1142 Fiddlewood Place,Rockford,Illinois,61105,Seasonal,,2024-10-23 02:47:49
357,16a40da9-cb69-406e-a9d9-daa2bffc18f5,Array BioPharma Inc.,14497 Florahome Way,Baton Rouge,Louisiana,70805,Enterprise,,2024-10-23 03:20:25
61,b1f93720-5724-4064-939e-0a072ec23368,Arlington Asset Investment Corp,13897 Daniel Collins Court,Port Saint Lucie,Florida,34985,Affiliate,,2024-10-21 22:50:25
192,c747a0c3-7ed0-49a3-8a13-81a93e29c3c9,"Argos Therapeutics, Inc.",10625 Basso Run,Cincinnati,Ohio,45228,VIP,,2024-10-22 11:18:28
349,d570d75e-853e-4d6b-9533-adec3524b497,Ardmore Shipping Corporation,9753 Burgess Drive,Portland,Oregon,97206,Moderator,042105442,2024-10-23 02:40:58
128,3676c4f8-f5a7-4a65-9ea1-df509e5255d0,Ardagh Group S.A.,5999 Buttonwood Run,Scottsdale,Arizona,85260,VIP,,2024-10-22 04:58:40
208,b20577ed-f16c-4f40-813e-279119928e97,Arch Capital Group Ltd.,7923 Longwood Court,West Palm Beach,Florida,33405,Enterprise,021409169,2024-10-22 12:41:39
416,79a0f2da-af52-40b1-b7b0-5e681aa4859e,Arc Logistic Partners LP,13713 Rojas Place,Montgomery,Alabama,36119,Admin,021109935,2024-10-23 09:01:34
260,3d74bad5-79a5-404b-8fb8-0975e5c827b7,"AquaBounty Technologies, Inc.",5385 Jeffers Terrace,Fort Lauderdale,Florida,33315,Reseller,221981063,2024-10-22 18:10:20
345,67358c58-dd00-416f-8b12-fbf1f6460f43,Applied DNA Sciences Inc,11938 Edgefield Drive,Sacramento,California,94245,Admin,107006088,2024-10-23 02:07:58
167,80360892-82f2-47d0-9fe7-cacae2590f73,Applied DNA Sciences Inc,1274 Alcott Avenue,Reno,Nevada,89519,Nonprofit,,2024-10-22 08:54:14
177,a46426c3-cc3e-4ad2-87bd-184c3b6fdaaf,Apollo Commercial Real Estate Finance,10464 Queen Palm Place,Simi Valley,California,93094,Admin,,2024-10-22 09:55:00
76,a7137b03-76b4-4968-9a14-d307acbc798b,Anworth Mortgage Asset  Corporation,10854 Chula Court,Philadelphia,Pennsylvania,19141,VIP,322079133,2024-10-22 00:08:06
32,69c2a412-8ead-4b75-9749-6f1906d1dcd9,"AnaptysBio, Inc.",12229 Turtle Street,Amarillo,Texas,79116,Business,101200929,2024-10-21 20:03:33
217,4f4dac75-116a-4b90-9b13-ccf44c6af3a5,"American Realty Investors, Inc.",2858 Bernwell Court,New Orleans,Louisiana,70116,Business,,2024-10-22 13:38:00
398,7154ed0d-3d76-4560-bb2d-6298d22822b3,"American Public Education, Inc.",114 Burnettown Place,West Palm Beach,Florida,33416,Enterprise,,2024-10-23 07:28:15
121,93bdc74c-0f5e-47f5-9746-de840d72eda1,"American Financial Group, Inc.",3512 Laura Loop,Atlanta,Georgia,30306,Business,,2024-10-22 04:28:46
465,fff6bbf3-657c-4236-81bb-7b715ed27e7d,"American Airlines Group, Inc.",79 Benavides Drive,Cleveland,Ohio,44191,Reseller,064201832,2024-10-23 13:59:29
376,7e5550b4-2852-4833-82b3-87ebd0b7818f,"America First Multifamily Investors, L.P.",14608 McKown Lane,Las Vegas,Nevada,89145,Admin,071108106,2024-10-23 05:17:14
377,1ea16fbf-f4f0-4477-a284-52ffc3158c25,Amerco,8484 Shelburne Lane,Boston,Massachusetts,02208,Individual,,2024-10-23 05:26:59
24,62df5852-8bcb-4a5e-a9bc-d89d7e87eeb4,Amarin Corporation plc,12624 Amberly Court,Stockton,California,95219,Student,071001685,2024-10-21 19:12:48
327,f5712f2e-80fe-48df-84a9-3cc0cac37d91,Almost Family Inc,4252 Bostic Lane,Knoxville,Tennessee,37939,Affiliate,,2024-10-23 00:31:42
116,5235c233-663f-4d0d-8be3-51c55eb3b5e6,Ally Financial Inc.,12159 Lachapelle Lane,Dallas,Texas,75287,Enterprise,,2024-10-22 03:53:51
362,ab989823-63a9-48bb-afb3-cf2601a7a15d,AllianceBernstein Holding L.P.,14278 Coleman Drive,Lubbock,Texas,79405,Standard,084305129,2024-10-23 04:04:39
62,0cb29225-3c62-4ee4-a5f6-7d5b6a833484,"Alliance Resource Partners, L.P.",1054 Halifax Lane,Washington,District of Columbia,20205,Trial,221270101,2024-10-21 22:59:45
227,c042954e-a218-4802-b689-f439cad62c91,"Alliance MMA, Inc.",12511 Crestview Street,Cincinnati,Ohio,45271,Nonprofit,122233645,2024-10-22 14:43:41
289,8e394679-75e3-4b8f-aee0-201ded7b6100,"Alaska Communications Systems Group, Inc.",14125 Amherst Way,Homestead,Florida,33034,Basic,,2024-10-22 20:51:06
100,bfff19f6-ed80-46a0-a116-dace8621f5db,Aercap Holdings N.V.,12501 Willowick Circle,Phoenix,Arizona,85040,Enterprise,,2024-10-22 02:15:40
113,cb53029e-4165-4ac6-9830-d4026aa54e7b,"Aeglea BioTherapeutics, Inc.",13984 Basso Run,Fairfax,Virginia,22036,Business,,2024-10-22 03:39:29
371,af46f961-6612-49f4-a0c1-a09e5aab03a3,"Advanced Energy Industries, Inc.",9269 Amy Avenue,Chicago,Illinois,60663,Enterprise,114922003,2024-10-23 04:53:01
109,db356ab4-abdc-4116-a25d-e8ef0a981caf,AdvanSix Inc.,9105 Del Rio Drive,San Francisco,California,94132,Lifetime,091206745,2024-10-22 03:15:26
393,19270b3e-784f-4777-9448-53b9ebe1d150,Addus HomeCare Corporation,8047 Bianca Court,Tulsa,Oklahoma,74108,Business,,2024-10-23 06:56:32
203,e65800ca-1a27-4e62-ae7b-991c0e7b20bc,Acxiom Corporation,8030 Danwood Place,Tacoma,Washington,98417,VIP,,2024-10-22 12:08:08
159,a39abf2a-2399-4174-82c1-2a9de7e9a8ad,"Aclaris Therapeutics, Inc.",14783 Upper Elmwood Place,Las Vegas,Nevada,89115,Nonprofit,,2024-10-22 08:07:23
249,cfcf0e4e-53ce-42c6-9d28-7984247503f6,AVX Corporation,6245 Walden Way,Long Beach,California,90810,Lifetime,,2024-10-22 17:10:21
383,30d19441-5d18-44cf-b581-8e7bd234ee42,ASA Gold and Precious Metals Limited,3128 Puccio Terrace,Sacramento,California,94237,Lifetime,063112906,2024-10-23 05:59:02
437,05dd268d-5615-486e-b32c-cf9795e5ffc6,"ARC Document Solutions, Inc.",11940 Agnew Terrace,Phoenix,Arizona,85077,Moderator,,2024-10-23 11:08:58
91,540ee687-30ee-4a2d-b9a7-15a4abcd0971,"AG Mortgage Investment Trust, Inc.",5121 Palmetto Drive,Canton,Ohio,44760,Business,021213096,2024-10-22 01:36:00
450,03e700c1-419e-403a-9cbe-b992ea7a147f,"1347 Property Insurance Holdings, Inc.",11038 Rainbow Blvd.,New York City,New York,10125,Seasonal,,2024-10-23 12:16:10
