user_id,user_key,first_name,last_name,email_address,normalized_name,organization_key,role_type,treasuryId,last_login,status,updated_date,imported_date,date_registered,card_id,employee_id,parent_key,sensitive_username,parent_first_name,parent_last_name,shipping_address,shipping_address2,shipping_city,shipping_state,shipping_zip,is_direct_pay_user,is_direct_pay_admin,is_direct_pay_license_admin,user_district_key,user_school_key
1,a5152d84-7a48-48a8-898a-ad438f4e01c6,Rhea,Castagnasso,rhea.castagnasso@gmail.com,Rhea Castagnasso,9ee1886a-a429-4954-ac01-47eeaa2b066d,Support Staff,a5152d84-7a48-48a8-8,2024-12-01 03:07:40,1,2024-12-01 03:07:41,2024-10-21 17:13:44,2024-12-01 03:07:41,a5152d84-7a48-48a8-898a-ad438f4e01c6,a5152d84-7a48-48a8-898a-ad438f4e01c6,a5152d84-7a48-48a8-898a-ad438f4e01c6,rcastagnasso35391,Rhea,Castagnasso,1338 Benitez Street,1338 Benitez Street,Boise,ID,83716,1,1,1,a5152d84-7a48-48a8-898a-ad438f4e01c6,a5152d84-7a48-48a8-898a-ad438f4e01c6
2,e16dec49-addb-460b-afd1-435ebb44ac40,Darcy,Sammut,darcy.sammut@gmail.com,Darcy Sammut,a29547a6-110f-4f71-a073-216ef67950c6,Trainer,e16dec49-addb-460b-a,2025-05-14 17:10:34,0,2025-05-14 17:10:35,2024-10-21 17:15:32,2025-05-14 17:10:35,e16dec49-addb-460b-afd1-435ebb44ac40,e16dec49-addb-460b-afd1-435ebb44ac40,e16dec49-addb-460b-afd1-435ebb44ac40,dsammut63856,Darcy,Sammut,8101 Becerril Court,8101 Becerril Court,Odessa,TX,79769,0,0,0,e16dec49-addb-460b-afd1-435ebb44ac40,e16dec49-addb-460b-afd1-435ebb44ac40
3,8616beaf-4d9e-45db-a025-9193d8603be0,Nadiya,Weippert,nadiya.weippert@gmail.com,Nadiya Weippert,220adad5-8257-4a9e-815c-6f70cdf08f7b,Administrator,8616beaf-4d9e-45db-a,2024-10-29 21:39:22,0,2024-10-29 21:39:23,2024-10-21 17:21:23,2024-10-29 21:39:23,8616beaf-4d9e-45db-a025-9193d8603be0,8616beaf-4d9e-45db-a025-9193d8603be0,8616beaf-4d9e-45db-a025-9193d8603be0,nweippert29060,Nadiya,Weippert,13 Innfields Court,13 Innfields Court,Erie,PA,16550,1,1,1,8616beaf-4d9e-45db-a025-9193d8603be0,8616beaf-4d9e-45db-a025-9193d8603be0
4,5889c55e-4535-4cb7-8765-6a7fc4b1e248,Darwin,Duxfield,darwin.duxfield@hotmail.com,Darwin Duxfield,b6d4fe37-cb46-4f1c-8453-16d2434a62fd,Developer,5889c55e-4535-4cb7-8,2025-10-20 06:09:33,1,2025-10-20 06:09:34,2024-10-21 17:22:23,2025-10-20 06:09:34,5889c55e-4535-4cb7-8765-6a7fc4b1e248,5889c55e-4535-4cb7-8765-6a7fc4b1e248,5889c55e-4535-4cb7-8765-6a7fc4b1e248,dduxfield28513,Darwin,Duxfield,14616 Alyssa Lane,14616 Alyssa Lane,Fort Smith,AR,72916,0,0,0,5889c55e-4535-4cb7-8765-6a7fc4b1e248,5889c55e-4535-4cb7-8765-6a7fc4b1e248
5,54999a9e-5973-4682-8723-a075dce058dd,Lura,Pea,lura.pea@yahoo.com,Lura Pea,2c862d3d-7958-46ef-82dc-fa90b543ac37,Analyst,54999a9e-5973-4682-8,2024-11-28 10:36:15,1,2024-11-28 10:36:16,2024-10-21 17:32:09,2024-11-28 10:36:16,54999a9e-5973-4682-8723-a075dce058dd,54999a9e-5973-4682-8723-a075dce058dd,54999a9e-5973-4682-8723-a075dce058dd,lpea53190,Lura,Pea,1227 Brodeur Avenue,1227 Brodeur Avenue,Shawnee Mission,KS,66276,1,1,1,54999a9e-5973-4682-8723-a075dce058dd,54999a9e-5973-4682-8723-a075dce058dd
6,990496d2-1793-4645-bb7e-7a31d0ff7471,Shandra,Spurgin,shandra.spurgin@hotmail.com,Shandra Spurgin,f3190d06-98b2-4e7d-bad6-37ce1f017b48,Consultant,990496d2-1793-4645-b,2025-04-09 11:00:53,0,2025-04-09 11:00:54,2024-10-21 17:33:53,2025-04-09 11:00:54,990496d2-1793-4645-bb7e-7a31d0ff7471,990496d2-1793-4645-bb7e-7a31d0ff7471,990496d2-1793-4645-bb7e-7a31d0ff7471,sspurgin42329,Shandra,Spurgin,6652 Karen Garner Place,6652 Karen Garner Place,Pittsburgh,PA,15235,1,1,1,990496d2-1793-4645-bb7e-7a31d0ff7471,990496d2-1793-4645-bb7e-7a31d0ff7471
7,dd3f2d19-266a-4a57-b07a-8b6fea245771,Rozanna,Barfoot,rozanna.barfoot@gmail.com,Rozanna Barfoot,58818768-efa4-47ea-ac7a-de9f2c5547dc,Contractor,dd3f2d19-266a-4a57-b,2025-05-20 09:13:31,0,2025-05-20 09:13:32,2024-10-21 17:38:52,2025-05-20 09:13:32,dd3f2d19-266a-4a57-b07a-8b6fea245771,dd3f2d19-266a-4a57-b07a-8b6fea245771,dd3f2d19-266a-4a57-b07a-8b6fea245771,rbarfoot42667,Rozanna,Barfoot,8334 Nation Court,8334 Nation Court,Washington,DC,20010,0,0,0,dd3f2d19-266a-4a57-b07a-8b6fea245771,dd3f2d19-266a-4a57-b07a-8b6fea245771
8,a515a118-9542-4bb6-846f-db02f706c033,Virgie,Summerfield,virgie.summerfield@yahoo.com,Virgie Summerfield,74f366a4-ad7d-4168-8eb1-be470fff7422,Employee,a515a118-9542-4bb6-8,2025-04-06 09:53:28,1,2025-04-06 09:53:29,2024-10-21 17:44:52,2025-04-06 09:53:29,a515a118-9542-4bb6-846f-db02f706c033,a515a118-9542-4bb6-846f-db02f706c033,a515a118-9542-4bb6-846f-db02f706c033,vsummerfield59098,Virgie,Summerfield,6527 Vanceboro Court,6527 Vanceboro Court,Fresno,CA,93750,1,1,1,a515a118-9542-4bb6-846f-db02f706c033,a515a118-9542-4bb6-846f-db02f706c033
9,3dd6b762-c1b0-4209-9e81-1a616908e18f,Sarajane,Beston,sarajane.beston@gmail.com,Sarajane Beston,662cc253-fe18-4dcf-840a-f2352d3071ad,Guest,3dd6b762-c1b0-4209-9,2025-04-11 10:56:40,0,2025-04-11 10:56:41,2024-10-21 17:49:46,2025-04-11 10:56:41,3dd6b762-c1b0-4209-9e81-1a616908e18f,3dd6b762-c1b0-4209-9e81-1a616908e18f,3dd6b762-c1b0-4209-9e81-1a616908e18f,sbeston2596,Sarajane,Beston,6734 Poppy Circle,6734 Poppy Circle,Austin,TX,78759,1,1,1,3dd6b762-c1b0-4209-9e81-1a616908e18f,3dd6b762-c1b0-4209-9e81-1a616908e18f
10,ef90211e-7918-4dc8-b8fe-f5b7146b8d14,Brian,Nanson,brian.nanson@sfr.fr,Brian Nanson,1c40b9c8-7976-4ff7-8709-01c9041fd175,Team Lead,ef90211e-7918-4dc8-b,2025-08-21 20:21:06,1,2025-08-21 20:21:07,2024-10-21 17:54:48,2025-08-21 20:21:07,ef90211e-7918-4dc8-b8fe-f5b7146b8d14,ef90211e-7918-4dc8-b8fe-f5b7146b8d14,ef90211e-7918-4dc8-b8fe-f5b7146b8d14,bnanson52565,Brian,Nanson,12175 Wheelock Street,12175 Wheelock Street,Denver,CO,80262,0,0,0,ef90211e-7918-4dc8-b8fe-f5b7146b8d14,ef90211e-7918-4dc8-b8fe-f5b7146b8d14
11,a4fa1c3a-654d-4179-ad3c-fd23492d4e42,Aida,Crigin,aida.crigin@hotmail.com,Aida Crigin,836be7a8-7074-4de3-8c18-2737402ca488,Director,a4fa1c3a-654d-4179-a,2025-04-19 17:37:57,0,2025-04-19 17:37:58,2024-10-21 18:03:06,2025-04-19 17:37:58,a4fa1c3a-654d-4179-ad3c-fd23492d4e42,a4fa1c3a-654d-4179-ad3c-fd23492d4e42,a4fa1c3a-654d-4179-ad3c-fd23492d4e42,acrigin33473,Aida,Crigin,7074 Wax Berry Court,7074 Wax Berry Court,Santa Monica,CA,90410,1,1,1,a4fa1c3a-654d-4179-ad3c-fd23492d4e42,a4fa1c3a-654d-4179-ad3c-fd23492d4e42
12,38d305af-8748-468b-ab91-5291d73bc956,Yurik,Greschik,yurik.greschik@yahoo.com,Yurik Greschik,3f06c8c9-a375-4e5c-b368-55a2f80551c8,Supervisor,38d305af-8748-468b-a,2025-06-22 08:38:44,1,2025-06-22 08:38:45,2024-10-21 18:08:20,2025-06-22 08:38:45,38d305af-8748-468b-ab91-5291d73bc956,38d305af-8748-468b-ab91-5291d73bc956,38d305af-8748-468b-ab91-5291d73bc956,ygreschik55152,Yurik,Greschik,9689 Virginia Drive,9689 Virginia Drive,Carol Stream,IL,60351,0,0,0,38d305af-8748-468b-ab91-5291d73bc956,38d305af-8748-468b-ab91-5291d73bc956
13,a27a036a-18c3-4c67-b50e-0c3190f579b9,Katalin,Puttick,katalin.puttick@hotmail.com,Katalin Puttick,614c9cfd-9995-47c6-91e3-6d34a7c59c5f,Manager,a27a036a-18c3-4c67-b,2024-11-07 11:52:56,1,2024-11-07 11:52:57,2024-10-21 18:15:08,2024-11-07 11:52:57,a27a036a-18c3-4c67-b50e-0c3190f579b9,a27a036a-18c3-4c67-b50e-0c3190f579b9,a27a036a-18c3-4c67-b50e-0c3190f579b9,kputtick62502,Katalin,Puttick,366 Fillmore Place,366 Fillmore Place,Salt Lake City,UT,84105,1,1,1,a27a036a-18c3-4c67-b50e-0c3190f579b9,a27a036a-18c3-4c67-b50e-0c3190f579b9
14,59a256e5-b7df-431d-b010-0e15a93af58e,Mandi,Spurryer,mandi.spurryer@hotmail.com,Mandi Spurryer,03d21b55-1683-4d88-acf7-8b08ae2b6b23,Intern,59a256e5-b7df-431d-b,2025-06-24 05:47:37,0,2025-06-24 05:47:38,2024-10-21 18:16:21,2025-06-24 05:47:38,59a256e5-b7df-431d-b010-0e15a93af58e,59a256e5-b7df-431d-b010-0e15a93af58e,59a256e5-b7df-431d-b010-0e15a93af58e,mspurryer40528,Mandi,Spurryer,9766 Cardinal Court,9766 Cardinal Court,South Bend,IN,46620,0,0,0,59a256e5-b7df-431d-b010-0e15a93af58e,59a256e5-b7df-431d-b010-0e15a93af58e
15,d6938362-61e1-432e-a9e9-4c392df8f765,Simmonds,Marqyes,simmonds.marqyes@bigpond.com,Simmonds Marqyes,80e5dc4b-c2a1-4e06-beef-b66d4d6da421,Coordinator,d6938362-61e1-432e-a,2025-02-14 09:14:39,0,2025-02-14 09:14:40,2024-10-21 18:23:12,2025-02-14 09:14:40,d6938362-61e1-432e-a9e9-4c392df8f765,d6938362-61e1-432e-a9e9-4c392df8f765,d6938362-61e1-432e-a9e9-4c392df8f765,smarqyes8213,Simmonds,Marqyes,4430 Ingleside Drive,4430 Ingleside Drive,Corpus Christi,TX,78465,1,1,1,d6938362-61e1-432e-a9e9-4c392df8f765,d6938362-61e1-432e-a9e9-4c392df8f765
16,e1ea1e86-0960-46e7-b70a-b10d19ed0905,Ezequiel,Mangin,ezequiel.mangin@gmail.com,Ezequiel Mangin,7db16846-421b-4ef5-88b8-8922e5f73474,Administrator,e1ea1e86-0960-46e7-b,2025-09-23 18:07:39,1,2025-09-23 18:07:40,2024-10-21 18:26:51,2025-09-23 18:07:40,e1ea1e86-0960-46e7-b70a-b10d19ed0905,e1ea1e86-0960-46e7-b70a-b10d19ed0905,e1ea1e86-0960-46e7-b70a-b10d19ed0905,emangin53429,Ezequiel,Mangin,13527 Van Buren Way,13527 Van Buren Way,San Jose,CA,95150,0,0,0,e1ea1e86-0960-46e7-b70a-b10d19ed0905,e1ea1e86-0960-46e7-b70a-b10d19ed0905
17,9787f2f0-d209-455d-9352-516b2189ed97,Jordana,Agerskow,jordana.agerskow@hotmail.fr,Jordana Agerskow,d57c6f43-7dac-42c7-8014-29d40fc463fc,Team Lead,9787f2f0-d209-455d-9,2024-12-17 03:06:26,0,2024-12-17 03:06:27,2024-10-21 18:35:57,2024-12-17 03:06:27,9787f2f0-d209-455d-9352-516b2189ed97,9787f2f0-d209-455d-9352-516b2189ed97,9787f2f0-d209-455d-9352-516b2189ed97,jagerskow13578,Jordana,Agerskow,1995 Winnsboro Drive,1995 Winnsboro Drive,Austin,TX,78721,1,1,1,9787f2f0-d209-455d-9352-516b2189ed97,9787f2f0-d209-455d-9352-516b2189ed97
18,4963239d-e8d9-46ff-be1b-804d700f3047,Bartholomew,Bartke,bartholomew.bartke@gmail.com,Bartholomew Bartke,574c0ba3-c49b-4210-8909-871131c36d7d,Consultant,4963239d-e8d9-46ff-b,2024-11-13 01:35:21,1,2024-11-13 01:35:22,2024-10-21 18:38:08,2024-11-13 01:35:22,4963239d-e8d9-46ff-be1b-804d700f3047,4963239d-e8d9-46ff-be1b-804d700f3047,4963239d-e8d9-46ff-be1b-804d700f3047,bbartke46610,Bartholomew,Bartke,595 Church Street,595 Church Street,Portland,ME,04109,1,1,1,4963239d-e8d9-46ff-be1b-804d700f3047,4963239d-e8d9-46ff-be1b-804d700f3047
19,d7673450-bee3-414b-841e-4e898e2da4cb,Sinclare,Matuskiewicz,sinclare.matuskiewicz@shaw.ca,Sinclare Matuskiewicz,ae02e5ee-59c8-41c5-8505-10dad6cfe263,Employee,d7673450-bee3-414b-8,2025-09-25 14:50:21,1,2025-09-25 14:50:22,2024-10-21 18:39:29,2025-09-25 14:50:22,d7673450-bee3-414b-841e-4e898e2da4cb,d7673450-bee3-414b-841e-4e898e2da4cb,d7673450-bee3-414b-841e-4e898e2da4cb,smatuskiewicz63623,Sinclare,Matuskiewicz,13603 Arteaga Way,13603 Arteaga Way,Indianapolis,IN,46295,0,0,0,d7673450-bee3-414b-841e-4e898e2da4cb,d7673450-bee3-414b-841e-4e898e2da4cb
20,c7b675fd-1e0e-40b5-85c8-cd9a6aeee320,Jasmina,Brandacci,jasmina.brandacci@alice.it,Jasmina Brandacci,d8fd5158-0404-44d8-a222-e9d011fc3307,Guest,c7b675fd-1e0e-40b5-8,2025-08-18 08:46:37,0,2025-08-18 08:46:38,2024-10-21 18:48:38,2025-08-18 08:46:38,c7b675fd-1e0e-40b5-85c8-cd9a6aeee320,c7b675fd-1e0e-40b5-85c8-cd9a6aeee320,c7b675fd-1e0e-40b5-85c8-cd9a6aeee320,jbrandacci57567,Jasmina,Brandacci,12032 Davidson Avenue,12032 Davidson Avenue,Jersey City,NJ,07310,0,0,0,c7b675fd-1e0e-40b5-85c8-cd9a6aeee320,c7b675fd-1e0e-40b5-85c8-cd9a6aeee320
21,42053d7f-65dd-4a3f-a1ad-0f8010f21ca5,Ethan,Maxted,ethan.maxted@hotmail.es,Ethan Maxted,2b486ef2-5468-4b60-8f70-0bfac160a6b3,Analyst,42053d7f-65dd-4a3f-a,2025-04-26 01:32:42,0,2025-04-26 01:32:43,2024-10-21 18:56:51,2025-04-26 01:32:43,42053d7f-65dd-4a3f-a1ad-0f8010f21ca5,42053d7f-65dd-4a3f-a1ad-0f8010f21ca5,42053d7f-65dd-4a3f-a1ad-0f8010f21ca5,emaxted23299,Ethan,Maxted,7335 Amidei Path,7335 Amidei Path,Atlanta,GA,30336,1,1,1,42053d7f-65dd-4a3f-a1ad-0f8010f21ca5,42053d7f-65dd-4a3f-a1ad-0f8010f21ca5
22,ff28be6d-55fa-46ab-a11f-6ddd21615b01,Ezechiel,Quartley,ezechiel.quartley@gmail.com,Ezechiel Quartley,97a00e30-7c61-4527-b7eb-34a6a5c5fd04,Coordinator,ff28be6d-55fa-46ab-a,2025-05-04 00:47:23,1,2025-05-04 00:47:24,2024-10-21 19:02:15,2025-05-04 00:47:24,ff28be6d-55fa-46ab-a11f-6ddd21615b01,ff28be6d-55fa-46ab-a11f-6ddd21615b01,ff28be6d-55fa-46ab-a11f-6ddd21615b01,equartley28565,Ezechiel,Quartley,7662 Merida Circle,7662 Merida Circle,Tulsa,OK,74103,0,0,0,ff28be6d-55fa-46ab-a11f-6ddd21615b01,ff28be6d-55fa-46ab-a11f-6ddd21615b01
23,422a5c6d-1570-4d87-ab60-62af2deffac4,Shoshanna,Secretan,shoshanna.secretan@att.net,Shoshanna Secretan,ba0bd522-17e4-48a5-8b6d-3026d34c8d4f,Supervisor,422a5c6d-1570-4d87-a,2025-04-08 14:00:00,0,2025-04-08 14:00:01,2024-10-21 19:07:50,2025-04-08 14:00:01,422a5c6d-1570-4d87-ab60-62af2deffac4,422a5c6d-1570-4d87-ab60-62af2deffac4,422a5c6d-1570-4d87-ab60-62af2deffac4,ssecretan55553,Shoshanna,Secretan,6616 Twig Terrace,6616 Twig Terrace,London,KY,40745,1,1,1,422a5c6d-1570-4d87-ab60-62af2deffac4,422a5c6d-1570-4d87-ab60-62af2deffac4
24,62df5852-8bcb-4a5e-a9bc-d89d7e87eeb4,Branden,Hove,branden.hove@yahoo.com,Branden Hove,1ad6644b-0387-4637-a095-887493f12b9f,Support Staff,62df5852-8bcb-4a5e-a,2025-09-01 18:35:39,1,2025-09-01 18:35:40,2024-10-21 19:12:48,2025-09-01 18:35:40,62df5852-8bcb-4a5e-a9bc-d89d7e87eeb4,62df5852-8bcb-4a5e-a9bc-d89d7e87eeb4,62df5852-8bcb-4a5e-a9bc-d89d7e87eeb4,bhove7520,Branden,Hove,12624 Amberly Court,12624 Amberly Court,Stockton,CA,95219,0,0,0,62df5852-8bcb-4a5e-a9bc-d89d7e87eeb4,62df5852-8bcb-4a5e-a9bc-d89d7e87eeb4
25,cd364c7f-c0d4-4b47-8ea9-e37a2b8a9b57,Jacqueline,Kobke,jacqueline.kobke@yahoo.com,Jacqueline Kobke,bdc68a54-d02d-4780-89f4-dccafb1ce764,Developer,cd364c7f-c0d4-4b47-8,2025-06-23 16:03:50,0,2025-06-23 16:03:51,2024-10-21 19:21:22,2025-06-23 16:03:51,cd364c7f-c0d4-4b47-8ea9-e37a2b8a9b57,cd364c7f-c0d4-4b47-8ea9-e37a2b8a9b57,cd364c7f-c0d4-4b47-8ea9-e37a2b8a9b57,jkobke33798,Jacqueline,Kobke,9743 Bartelson Terrace,9743 Bartelson Terrace,Lake Worth,FL,33462,0,0,0,cd364c7f-c0d4-4b47-8ea9-e37a2b8a9b57,cd364c7f-c0d4-4b47-8ea9-e37a2b8a9b57
26,e4350f55-5e02-4cc1-ab9e-5f898320990e,Carmelina,Daburn,carmelina.daburn@yahoo.fr,Carmelina Daburn,0c7e7078-d123-4b96-aa1d-d87dae0b2479,Manager,e4350f55-5e02-4cc1-a,2025-10-12 17:09:20,1,2025-10-12 17:09:21,2024-10-21 19:28:12,2025-10-12 17:09:21,e4350f55-5e02-4cc1-ab9e-5f898320990e,e4350f55-5e02-4cc1-ab9e-5f898320990e,e4350f55-5e02-4cc1-ab9e-5f898320990e,cdaburn3359,Carmelina,Daburn,14306 Hibiscus Drive,14306 Hibiscus Drive,Lehigh Acres,FL,33972,0,0,0,e4350f55-5e02-4cc1-ab9e-5f898320990e,e4350f55-5e02-4cc1-ab9e-5f898320990e
27,972c1223-1900-4b22-8f2c-745b21ac08e8,Fanny,Schule,fanny.schule@gmail.com,Fanny Schule,ed9ad6b7-00b5-4fda-bc15-caa8ccd7247e,Director,972c1223-1900-4b22-8,2025-05-28 03:22:09,0,2025-05-28 03:22:10,2024-10-21 19:37:47,2025-05-28 03:22:10,972c1223-1900-4b22-8f2c-745b21ac08e8,972c1223-1900-4b22-8f2c-745b21ac08e8,972c1223-1900-4b22-8f2c-745b21ac08e8,fschule10697,Fanny,Schule,8653 Townsend Terrace,8653 Townsend Terrace,Cincinnati,OH,45243,0,0,0,972c1223-1900-4b22-8f2c-745b21ac08e8,972c1223-1900-4b22-8f2c-745b21ac08e8
28,e2115367-113a-46f1-a432-d9eed6bee0ca,Leese,Lidierth,leese.lidierth@aol.com,Leese Lidierth,4976f51d-d795-4faf-897a-3197d9c36fde,Contractor,e2115367-113a-46f1-a,2025-06-12 07:50:57,1,2025-06-12 07:50:58,2024-10-21 19:43:58,2025-06-12 07:50:58,e2115367-113a-46f1-a432-d9eed6bee0ca,e2115367-113a-46f1-a432-d9eed6bee0ca,e2115367-113a-46f1-a432-d9eed6bee0ca,llidierth7096,Leese,Lidierth,9277 McKnight Loop,9277 McKnight Loop,Sacramento,CA,95894,0,0,0,e2115367-113a-46f1-a432-d9eed6bee0ca,e2115367-113a-46f1-a432-d9eed6bee0ca
29,a69e73fe-047a-4c17-bceb-fd848e2a1d0a,Auberta,Piddlehinton,auberta.piddlehinton@yahoo.com,Auberta Piddlehinton,8e8a74f8-93fc-4f2b-ab8c-9c0c19b64346,Intern,a69e73fe-047a-4c17-b,2025-10-03 09:29:59,0,2025-10-03 09:30:00,2024-10-21 19:50:31,2025-10-03 09:30:00,a69e73fe-047a-4c17-bceb-fd848e2a1d0a,a69e73fe-047a-4c17-bceb-fd848e2a1d0a,a69e73fe-047a-4c17-bceb-fd848e2a1d0a,apiddlehinton26448,Auberta,Piddlehinton,13923 Venetian Lane,13923 Venetian Lane,Billings,MT,59105,0,0,0,a69e73fe-047a-4c17-bceb-fd848e2a1d0a,a69e73fe-047a-4c17-bceb-fd848e2a1d0a
30,07f91f7d-ae1b-4cb4-a7ad-928deef98f2e,Jacinthe,Lillywhite,jacinthe.lillywhite@gmail.com,Jacinthe Lillywhite,2f515088-a640-418d-989b-e033ba3360e3,Trainer,07f91f7d-ae1b-4cb4-a,2024-12-14 08:20:21,1,2024-12-14 08:20:22,2024-10-21 19:59:52,2024-12-14 08:20:22,07f91f7d-ae1b-4cb4-a7ad-928deef98f2e,07f91f7d-ae1b-4cb4-a7ad-928deef98f2e,07f91f7d-ae1b-4cb4-a7ad-928deef98f2e,jlillywhite64678,Jacinthe,Lillywhite,1881 Essex Court,1881 Essex Court,Minneapolis,MN,55487,1,1,1,07f91f7d-ae1b-4cb4-a7ad-928deef98f2e,07f91f7d-ae1b-4cb4-a7ad-928deef98f2e
31,f0efa55f-cc32-4456-ac4b-1dd3e40ea3f0,Abba,Brenstuhl,abba.brenstuhl@live.nl,Abba Brenstuhl,3ee21636-0710-4c43-ada0-fc60c8b12f90,Intern,f0efa55f-cc32-4456-a,2024-11-21 19:58:11,0,2024-11-21 19:58:12,2024-10-21 20:01:59,2024-11-21 19:58:12,f0efa55f-cc32-4456-ac4b-1dd3e40ea3f0,f0efa55f-cc32-4456-ac4b-1dd3e40ea3f0,f0efa55f-cc32-4456-ac4b-1dd3e40ea3f0,abrenstuhl4601,Abba,Brenstuhl,956 Cuthbert Circle,956 Cuthbert Circle,Omaha,NE,68197,1,1,1,f0efa55f-cc32-4456-ac4b-1dd3e40ea3f0,f0efa55f-cc32-4456-ac4b-1dd3e40ea3f0
32,69c2a412-8ead-4b75-9749-6f1906d1dcd9,Eva,Heenan,eva.heenan@yahoo.com,Eva Heenan,770a803d-cfd2-4bf2-8f4e-9bb837cc3425,Director,69c2a412-8ead-4b75-9,2025-08-23 04:21:31,1,2025-08-23 04:21:32,2024-10-21 20:03:33,2025-08-23 04:21:32,69c2a412-8ead-4b75-9749-6f1906d1dcd9,69c2a412-8ead-4b75-9749-6f1906d1dcd9,69c2a412-8ead-4b75-9749-6f1906d1dcd9,eheenan25119,Eva,Heenan,12229 Turtle Street,12229 Turtle Street,Amarillo,TX,79116,0,0,0,69c2a412-8ead-4b75-9749-6f1906d1dcd9,69c2a412-8ead-4b75-9749-6f1906d1dcd9
33,548f5d40-add0-470a-a797-4333fbd89177,Granthem,Howood,granthem.howood@me.com,Granthem Howood,0af17005-5386-47e7-87c8-24cbfa8ddb4f,Guest,548f5d40-add0-470a-a,2025-07-25 08:07:26,0,2025-07-25 08:07:27,2024-10-21 20:11:53,2025-07-25 08:07:27,548f5d40-add0-470a-a797-4333fbd89177,548f5d40-add0-470a-a797-4333fbd89177,548f5d40-add0-470a-a797-4333fbd89177,ghowood16001,Granthem,Howood,11044 Orgovan Avenue,11044 Orgovan Avenue,San Francisco,CA,94105,0,0,0,548f5d40-add0-470a-a797-4333fbd89177,548f5d40-add0-470a-a797-4333fbd89177
34,6dd884cf-5ef3-4c28-8afa-de25913d7754,Jason,Gimlet,jason.gimlet@gmail.com,Jason Gimlet,62df5852-8bcb-4a5e-a9bc-d89d7e87eeb4,Trainer,6dd884cf-5ef3-4c28-8,2025-01-13 05:25:32,1,2025-01-13 05:25:33,2024-10-21 20:19:30,2025-01-13 05:25:33,6dd884cf-5ef3-4c28-8afa-de25913d7754,6dd884cf-5ef3-4c28-8afa-de25913d7754,6dd884cf-5ef3-4c28-8afa-de25913d7754,jgimlet59685,Jason,Gimlet,3109 Kim Lane,3109 Kim Lane,Stockton,CA,95298,1,1,1,6dd884cf-5ef3-4c28-8afa-de25913d7754,6dd884cf-5ef3-4c28-8afa-de25913d7754
35,177401dc-4bd4-4b36-84b6-b10adae63a78,Lonny,Clubley,lonny.clubley@gmail.com,Lonny Clubley,f30ea66a-4c36-4203-afb0-fffc6891e8c5,Administrator,177401dc-4bd4-4b36-8,2024-12-05 14:28:02,0,2024-12-05 14:28:03,2024-10-21 20:22:21,2024-12-05 14:28:03,177401dc-4bd4-4b36-84b6-b10adae63a78,177401dc-4bd4-4b36-84b6-b10adae63a78,177401dc-4bd4-4b36-84b6-b10adae63a78,lclubley50998,Lonny,Clubley,1521 Perdido Bay,1521 Perdido Bay,Reno,NV,89505,1,1,1,177401dc-4bd4-4b36-84b6-b10adae63a78,177401dc-4bd4-4b36-84b6-b10adae63a78
36,7566fb83-9ef7-4b24-b18e-ce4f2548daa7,Sande,Dunseith,sande.dunseith@googlemail.com,Sande Dunseith,88434964-822e-414a-b85c-d618f2ebe535,Employee,7566fb83-9ef7-4b24-b,2025-07-16 04:49:19,1,2025-07-16 04:49:20,2024-10-21 20:24:15,2025-07-16 04:49:20,7566fb83-9ef7-4b24-b18e-ce4f2548daa7,7566fb83-9ef7-4b24-b18e-ce4f2548daa7,7566fb83-9ef7-4b24-b18e-ce4f2548daa7,sdunseith44054,Sande,Dunseith,10669 Fisher Avenue,10669 Fisher Avenue,Dallas,TX,75251,0,0,0,7566fb83-9ef7-4b24-b18e-ce4f2548daa7,7566fb83-9ef7-4b24-b18e-ce4f2548daa7
37,7a7a829d-9552-4283-b416-6e5c3ae408f8,Clerissa,Cattel,clerissa.cattel@gmail.com,Clerissa Cattel,27fe4f0a-cee4-42ae-bc2e-06b820c54866,Supervisor,7a7a829d-9552-4283-b,2025-10-16 13:20:09,1,2025-10-16 13:20:10,2024-10-21 20:31:39,2025-10-16 13:20:10,7a7a829d-9552-4283-b416-6e5c3ae408f8,7a7a829d-9552-4283-b416-6e5c3ae408f8,7a7a829d-9552-4283-b416-6e5c3ae408f8,ccattel11442,Clerissa,Cattel,14464 Midnight Pass Court,14464 Midnight Pass Court,Sparks,NV,89436,0,0,0,7a7a829d-9552-4283-b416-6e5c3ae408f8,7a7a829d-9552-4283-b416-6e5c3ae408f8
38,cd4ef746-5e63-4373-ae12-ae64ef85ff00,Dmitri,McAneny,dmitri.mcaneny@gmail.com,Dmitri McAneny,2ae5ed8f-1f4e-4fc8-b753-85c032811a2d,Team Lead,cd4ef746-5e63-4373-a,2025-10-18 22:54:45,0,2025-10-18 22:54:46,2024-10-21 20:41:19,2025-10-18 22:54:46,cd4ef746-5e63-4373-ae12-ae64ef85ff00,cd4ef746-5e63-4373-ae12-ae64ef85ff00,cd4ef746-5e63-4373-ae12-ae64ef85ff00,dmcaneny47420,Dmitri,McAneny,14562 Lisbon Lane,14562 Lisbon Lane,San Francisco,CA,94164,0,0,0,cd4ef746-5e63-4373-ae12-ae64ef85ff00,cd4ef746-5e63-4373-ae12-ae64ef85ff00
39,2c862d3d-7958-46ef-82dc-fa90b543ac37,Nixie,Cowlin,nixie.cowlin@yahoo.com,Nixie Cowlin,c0ec33a5-39d0-4614-b617-23ce4526dd44,Manager,2c862d3d-7958-46ef-8,2025-10-07 09:22:33,1,2025-10-07 09:22:34,2024-10-21 20:51:03,2025-10-07 09:22:34,2c862d3d-7958-46ef-82dc-fa90b543ac37,2c862d3d-7958-46ef-82dc-fa90b543ac37,2c862d3d-7958-46ef-82dc-fa90b543ac37,ncowlin4846,Nixie,Cowlin,14087 Evinston Court,14087 Evinston Court,Midland,TX,79705,0,0,0,2c862d3d-7958-46ef-82dc-fa90b543ac37,2c862d3d-7958-46ef-82dc-fa90b543ac37
40,703a8364-e4dc-42d2-93ee-7f3a8770f408,Alexine,Browning,alexine.browning@hotmail.com,Alexine Browning,198d03f9-9999-46d5-a2f9-d223d0d93993,Analyst,703a8364-e4dc-42d2-9,2025-09-15 05:30:15,0,2025-09-15 05:30:16,2024-10-21 21:00:30,2025-09-15 05:30:16,703a8364-e4dc-42d2-93ee-7f3a8770f408,703a8364-e4dc-42d2-93ee-7f3a8770f408,703a8364-e4dc-42d2-93ee-7f3a8770f408,abrowning55641,Alexine,Browning,13177 Norman Run,13177 Norman Run,Northridge,CA,91328,0,0,0,703a8364-e4dc-42d2-93ee-7f3a8770f408,703a8364-e4dc-42d2-93ee-7f3a8770f408
41,98592468-9fda-4e5e-9fa9-da601fc74e7c,Rustie,Yurocjkin,rustie.yurocjkin@gmail.com,Rustie Yurocjkin,fff6bbf3-657c-4236-81bb-7b715ed27e7d,Coordinator,98592468-9fda-4e5e-9,2025-10-12 15:15:16,0,2025-10-12 15:15:17,2024-10-21 21:09:24,2025-10-12 15:15:17,98592468-9fda-4e5e-9fa9-da601fc74e7c,98592468-9fda-4e5e-9fa9-da601fc74e7c,98592468-9fda-4e5e-9fa9-da601fc74e7c,ryurocjkin54700,Rustie,Yurocjkin,14303 Driftwood Place,14303 Driftwood Place,Odessa,TX,79764,0,0,0,98592468-9fda-4e5e-9fa9-da601fc74e7c,98592468-9fda-4e5e-9fa9-da601fc74e7c
42,c90d3aae-9b82-4268-8e4a-d9e9b3e3af1f,Mariya,Franciotti,mariya.franciotti@hotmail.com,Mariya Franciotti,1fa9b855-7cec-4430-b8ea-823ec183952c,Contractor,c90d3aae-9b82-4268-8,2025-03-08 08:52:02,1,2025-03-08 08:52:03,2024-10-21 21:18:58,2025-03-08 08:52:03,c90d3aae-9b82-4268-8e4a-d9e9b3e3af1f,c90d3aae-9b82-4268-8e4a-d9e9b3e3af1f,c90d3aae-9b82-4268-8e4a-d9e9b3e3af1f,mfranciotti45493,Mariya,Franciotti,5334 Pace Lane,5334 Pace Lane,Wichita,KS,67220,1,1,1,c90d3aae-9b82-4268-8e4a-d9e9b3e3af1f,c90d3aae-9b82-4268-8e4a-d9e9b3e3af1f
43,178f6359-b096-4f2b-bb5a-f684bf18e778,Georas,Athy,georas.athy@hotmail.com,Georas Athy,ce8919cf-92a0-4401-9578-43debbf08f29,Support Staff,178f6359-b096-4f2b-b,2025-01-16 15:08:15,1,2025-01-16 15:08:16,2024-10-21 21:23:09,2025-01-16 15:08:16,178f6359-b096-4f2b-bb5a-f684bf18e778,178f6359-b096-4f2b-bb5a-f684bf18e778,178f6359-b096-4f2b-bb5a-f684bf18e778,gathy36861,Georas,Athy,3249 Hydrangea Avenue,3249 Hydrangea Avenue,Denver,CO,80217,1,1,1,178f6359-b096-4f2b-bb5a-f684bf18e778,178f6359-b096-4f2b-bb5a-f684bf18e778
44,d49e4d19-3754-4d95-9ce2-3453e39d8e89,Renard,Punshon,renard.punshon@yahoo.com,Renard Punshon,ddd5804a-8883-435d-b661-2f07d9109eaa,Developer,d49e4d19-3754-4d95-9,2025-04-06 16:44:07,0,2025-04-06 16:44:08,2024-10-21 21:26:05,2025-04-06 16:44:08,d49e4d19-3754-4d95-9ce2-3453e39d8e89,d49e4d19-3754-4d95-9ce2-3453e39d8e89,d49e4d19-3754-4d95-9ce2-3453e39d8e89,rpunshon13820,Renard,Punshon,6539 Varnville Way,6539 Varnville Way,Durham,NC,27717,1,1,1,d49e4d19-3754-4d95-9ce2-3453e39d8e89,d49e4d19-3754-4d95-9ce2-3453e39d8e89
45,ec3df9e7-111e-4edf-97ef-3b359dc82364,Allina,Slimings,allina.slimings@verizon.net,Allina Slimings,bf489cab-c6c6-4a55-8d5b-e264dcbb9bb1,Consultant,ec3df9e7-111e-4edf-9,2025-10-08 21:11:07,1,2025-10-08 21:11:08,2024-10-21 21:31:00,2025-10-08 21:11:08,ec3df9e7-111e-4edf-97ef-3b359dc82364,ec3df9e7-111e-4edf-97ef-3b359dc82364,ec3df9e7-111e-4edf-97ef-3b359dc82364,aslimings49358,Allina,Slimings,14149 Palladino Place,14149 Palladino Place,Monroe,LA,71213,0,0,0,ec3df9e7-111e-4edf-97ef-3b359dc82364,ec3df9e7-111e-4edf-97ef-3b359dc82364
46,17857b0d-6314-4177-8b14-5d16da69d76f,Casper,Braham,casper.braham@yahoo.com,Casper Braham,23bbd3ed-a4d1-4155-b5cf-37680250cbf5,Team Lead,17857b0d-6314-4177-8,2025-09-04 00:17:10,0,2025-09-04 00:17:11,2024-10-21 21:40:29,2025-09-04 00:17:11,17857b0d-6314-4177-8b14-5d16da69d76f,17857b0d-6314-4177-8b14-5d16da69d76f,17857b0d-6314-4177-8b14-5d16da69d76f,cbraham59529,Casper,Braham,12716 Clarendon Court,12716 Clarendon Court,Silver Spring,MD,20910,0,0,0,17857b0d-6314-4177-8b14-5d16da69d76f,17857b0d-6314-4177-8b14-5d16da69d76f
47,51de8371-7608-4a9f-acab-548e52f978e5,Betteanne,Menier,betteanne.menier@gmail.com,Betteanne Menier,41e2dbe3-a925-47bf-9aa9-e171c9533452,Manager,51de8371-7608-4a9f-a,2025-04-14 03:35:10,1,2025-04-14 03:35:11,2024-10-21 21:49:06,2025-04-14 03:35:11,51de8371-7608-4a9f-acab-548e52f978e5,51de8371-7608-4a9f-acab-548e52f978e5,51de8371-7608-4a9f-acab-548e52f978e5,bmenier63895,Betteanne,Menier,6845 Ambler Circle,6845 Ambler Circle,Minneapolis,MN,55436,1,1,1,51de8371-7608-4a9f-acab-548e52f978e5,51de8371-7608-4a9f-acab-548e52f978e5
48,4e4feae4-20a0-4435-9eec-5551ac0aba9d,Dario,Le Prevost,dario.leprevost@yahoo.com,Dario Le Prevost,8a66b26a-6fbb-4868-bbc0-ae9675b48f4f,Analyst,4e4feae4-20a0-4435-9,2024-12-10 11:42:43,0,2024-12-10 11:42:44,2024-10-21 21:54:12,2024-12-10 11:42:44,4e4feae4-20a0-4435-9eec-5551ac0aba9d,4e4feae4-20a0-4435-9eec-5551ac0aba9d,4e4feae4-20a0-4435-9eec-5551ac0aba9d,dle prevost1601,Dario,Le Prevost,1722 Incorvaia Way,1722 Incorvaia Way,Moreno Valley,CA,92555,1,1,1,4e4feae4-20a0-4435-9eec-5551ac0aba9d,4e4feae4-20a0-4435-9eec-5551ac0aba9d
49,bb3891bf-95dd-4775-97fa-0262f0cdadb4,Orelle,Retter,orelle.retter@gmail.com,Orelle Retter,9b1aea51-b2dd-4d40-9f3e-98ab7b68c694,Coordinator,bb3891bf-95dd-4775-9,2025-02-26 12:07:46,1,2025-02-26 12:07:47,2024-10-21 21:56:13,2025-02-26 12:07:47,bb3891bf-95dd-4775-97fa-0262f0cdadb4,bb3891bf-95dd-4775-97fa-0262f0cdadb4,bb3891bf-95dd-4775-97fa-0262f0cdadb4,oretter16322,Orelle,Retter,4928 Bellamy Lane,4928 Bellamy Lane,Fresno,CA,93726,1,1,1,bb3891bf-95dd-4775-97fa-0262f0cdadb4,bb3891bf-95dd-4775-97fa-0262f0cdadb4
50,514c0948-1fb2-477d-8459-16f61844bcbc,Gardie,Kocher,gardie.kocher@hotmail.com,Gardie Kocher,ea057e4a-ea18-4776-9486-c3af20828a7c,Contractor,514c0948-1fb2-477d-8,2025-05-05 20:16:10,0,2025-05-05 20:16:11,2024-10-21 22:00:10,2025-05-05 20:16:11,514c0948-1fb2-477d-8459-16f61844bcbc,514c0948-1fb2-477d-8459-16f61844bcbc,514c0948-1fb2-477d-8459-16f61844bcbc,gkocher54616,Gardie,Kocher,7736 Clay Terrace,7736 Clay Terrace,Denton,TX,76210,0,0,0,514c0948-1fb2-477d-8459-16f61844bcbc,514c0948-1fb2-477d-8459-16f61844bcbc
51,85398897-c9ec-4a61-a1e3-b46e98ed325d,Audrye,Cavanagh,audrye.cavanagh@yahoo.com,Audrye Cavanagh,6562a9cc-c51c-4fed-b73b-13120282970a,Support Staff,85398897-c9ec-4a61-a,2025-08-04 20:03:16,0,2025-08-04 20:03:17,2024-10-21 22:05:48,2025-08-04 20:03:17,85398897-c9ec-4a61-a1e3-b46e98ed325d,85398897-c9ec-4a61-a1e3-b46e98ed325d,85398897-c9ec-4a61-a1e3-b46e98ed325d,acavanagh51774,Audrye,Cavanagh,11476 Benjamin Place,11476 Benjamin Place,Fort Worth,TX,76105,0,0,0,85398897-c9ec-4a61-a1e3-b46e98ed325d,85398897-c9ec-4a61-a1e3-b46e98ed325d
52,51876e51-07cd-489d-8120-860bd15ad299,Vasili,Wormald,vasili.wormald@hotmail.fr,Vasili Wormald,ce42994e-18d4-4bb7-8ed5-074a40758aa7,Developer,51876e51-07cd-489d-8,2024-11-17 07:33:56,1,2024-11-17 07:33:57,2024-10-21 22:13:41,2024-11-17 07:33:57,51876e51-07cd-489d-8120-860bd15ad299,51876e51-07cd-489d-8120-860bd15ad299,51876e51-07cd-489d-8120-860bd15ad299,vwormald22013,Vasili,Wormald,770 Fraser Court,770 Fraser Court,Memphis,TN,38119,1,1,1,51876e51-07cd-489d-8120-860bd15ad299,51876e51-07cd-489d-8120-860bd15ad299
53,614c9cfd-9995-47c6-91e3-6d34a7c59c5f,Marjy,Ccomini,marjy.ccomini@hotmail.it,Marjy Ccomini,eea6208c-c0c3-4f2a-87f6-6264327a19ed,Consultant,614c9cfd-9995-47c6-9,2024-12-27 10:21:19,0,2024-12-27 10:21:20,2024-10-21 22:15:08,2024-12-27 10:21:20,614c9cfd-9995-47c6-91e3-6d34a7c59c5f,614c9cfd-9995-47c6-91e3-6d34a7c59c5f,614c9cfd-9995-47c6-91e3-6d34a7c59c5f,mccomini14121,Marjy,Ccomini,2418 Picnic Place,2418 Picnic Place,San Antonio,TX,78210,1,1,1,614c9cfd-9995-47c6-91e3-6d34a7c59c5f,614c9cfd-9995-47c6-91e3-6d34a7c59c5f
54,08518fb1-1743-4b1f-8b72-be940d2a3163,Zsa zsa,Hexter,zsazsa.hexter@hotmail.com,Zsa zsa Hexter,7a184de1-c77b-4036-906d-e08f59395f39,Intern,08518fb1-1743-4b1f-8,2024-12-28 04:24:48,1,2024-12-28 04:24:49,2024-10-21 22:17:35,2024-12-28 04:24:49,08518fb1-1743-4b1f-8b72-be940d2a3163,08518fb1-1743-4b1f-8b72-be940d2a3163,08518fb1-1743-4b1f-8b72-be940d2a3163,zhexter59137,Zsa zsa,Hexter,2449 Matisse Avenue,2449 Matisse Avenue,Allentown,PA,18105,1,1,1,08518fb1-1743-4b1f-8b72-be940d2a3163,08518fb1-1743-4b1f-8b72-be940d2a3163
55,d8fd5158-0404-44d8-a222-e9d011fc3307,Kristan,Anderbrugge,kristan.anderbrugge@hotmail.com,Kristan Anderbrugge,0c685d50-7a80-4481-be7a-c896d86e0128,Director,d8fd5158-0404-44d8-a,2025-07-14 07:42:45,0,2025-07-14 07:42:46,2024-10-21 22:20:03,2025-07-14 07:42:46,d8fd5158-0404-44d8-a222-e9d011fc3307,d8fd5158-0404-44d8-a222-e9d011fc3307,d8fd5158-0404-44d8-a222-e9d011fc3307,kanderbrugge8158,Kristan,Anderbrugge,10591 Cherry Vale Place,10591 Cherry Vale Place,Port Charlotte,FL,33954,0,0,0,d8fd5158-0404-44d8-a222-e9d011fc3307,d8fd5158-0404-44d8-a222-e9d011fc3307
56,4fdd267e-9d81-4833-8bc9-850597bfa645,Grannie,Uttridge,grannie.uttridge@aol.com,Grannie Uttridge,d9d5e9ba-c569-4c96-974e-6ddaff0776a2,Guest,4fdd267e-9d81-4833-8,2024-12-08 03:06:27,1,2024-12-08 03:06:28,2024-10-21 22:27:24,2024-12-08 03:06:28,4fdd267e-9d81-4833-8bc9-850597bfa645,4fdd267e-9d81-4833-8bc9-850597bfa645,4fdd267e-9d81-4833-8bc9-850597bfa645,guttridge52568,Grannie,Uttridge,1625 Wiechens Way,1625 Wiechens Way,Anaheim,CA,92825,1,1,1,4fdd267e-9d81-4833-8bc9-850597bfa645,4fdd267e-9d81-4833-8bc9-850597bfa645
57,eae208e1-6028-431d-b07f-0a1eb939d010,Arch,Dorrington,arch.dorrington@yahoo.it,Arch Dorrington,91b66dd4-a48d-443b-9901-43e86b435733,Trainer,eae208e1-6028-431d-b,2025-04-10 15:47:47,0,2025-04-10 15:47:48,2024-10-21 22:29:22,2025-04-10 15:47:48,eae208e1-6028-431d-b07f-0a1eb939d010,eae208e1-6028-431d-b07f-0a1eb939d010,eae208e1-6028-431d-b07f-0a1eb939d010,adorrington6637,Arch,Dorrington,6701 Walhalla Way,6701 Walhalla Way,Santa Barbara,CA,93111,1,1,1,eae208e1-6028-431d-b07f-0a1eb939d010,eae208e1-6028-431d-b07f-0a1eb939d010
58,ec002cec-bb0b-4e98-8710-f0f820d85b81,Erick,Crownshaw,erick.crownshaw@gmail.com,Erick Crownshaw,a5152d84-7a48-48a8-898a-ad438f4e01c6,Administrator,ec002cec-bb0b-4e98-8,2025-03-25 21:46:23,1,2025-03-25 21:46:24,2024-10-21 22:34:23,2025-03-25 21:46:24,ec002cec-bb0b-4e98-8710-f0f820d85b81,ec002cec-bb0b-4e98-8710-f0f820d85b81,ec002cec-bb0b-4e98-8710-f0f820d85b81,ecrownshaw53122,Erick,Crownshaw,6054 Heathman Place,6054 Heathman Place,El Paso,TX,79989,1,1,1,ec002cec-bb0b-4e98-8710-f0f820d85b81,ec002cec-bb0b-4e98-8710-f0f820d85b81
59,fed72578-3b76-4a30-b7a1-b77315b25e87,Adriana,Mitro,adriana.mitro@yahoo.com,Adriana Mitro,7deb52ca-f319-4796-8363-43e2a02f2456,Employee,fed72578-3b76-4a30-b,2024-11-21 02:18:30,0,2024-11-21 02:18:31,2024-10-21 22:39:00,2024-11-21 02:18:31,fed72578-3b76-4a30-b7a1-b77315b25e87,fed72578-3b76-4a30-b7a1-b77315b25e87,fed72578-3b76-4a30-b7a1-b77315b25e87,amitro24981,Adriana,Mitro,925 Samantha Court,925 Samantha Court,Milwaukee,WI,53234,1,1,1,fed72578-3b76-4a30-b7a1-b77315b25e87,fed72578-3b76-4a30-b7a1-b77315b25e87
60,484c3be6-6c4f-413f-83fc-cf000c22358b,Kimberly,Cridlon,kimberly.cridlon@live.nl,Kimberly Cridlon,b40b0bc6-be06-4187-8a30-ad0e9c131a38,Supervisor,484c3be6-6c4f-413f-8,2025-10-24 19:59:59,1,2025-10-24 20:00:00,2024-10-21 22:40:33,2025-10-24 20:00:00,484c3be6-6c4f-413f-83fc-cf000c22358b,484c3be6-6c4f-413f-83fc-cf000c22358b,484c3be6-6c4f-413f-83fc-cf000c22358b,kcridlon59000,Kimberly,Cridlon,14804 Saginaw Avenue,14804 Saginaw Avenue,Newton,MA,02458,0,0,0,484c3be6-6c4f-413f-83fc-cf000c22358b,484c3be6-6c4f-413f-83fc-cf000c22358b
61,b1f93720-5724-4064-939e-0a072ec23368,Garth,Urridge,garth.urridge@yahoo.com,Garth Urridge,bb3891bf-95dd-4775-97fa-0262f0cdadb4,Team Lead,b1f93720-5724-4064-9,2025-10-02 18:11:32,0,2025-10-02 18:11:33,2024-10-21 22:50:25,2025-10-02 18:11:33,b1f93720-5724-4064-939e-0a072ec23368,b1f93720-5724-4064-939e-0a072ec23368,b1f93720-5724-4064-939e-0a072ec23368,gurridge29279,Garth,Urridge,13897 Daniel Collins Court,13897 Daniel Collins Court,Port Saint Lucie,FL,34985,0,0,0,b1f93720-5724-4064-939e-0a072ec23368,b1f93720-5724-4064-939e-0a072ec23368
62,0cb29225-3c62-4ee4-a5f6-7d5b6a833484,Binny,McDell,binny.mcdell@hotmail.com,Binny McDell,59a256e5-b7df-431d-b010-0e15a93af58e,Manager,0cb29225-3c62-4ee4-a,2024-11-24 05:31:37,1,2024-11-24 05:31:38,2024-10-21 22:59:45,2024-11-24 05:31:38,0cb29225-3c62-4ee4-a5f6-7d5b6a833484,0cb29225-3c62-4ee4-a5f6-7d5b6a833484,0cb29225-3c62-4ee4-a5f6-7d5b6a833484,bmcdell2218,Binny,McDell,1054 Halifax Lane,1054 Halifax Lane,Washington,DC,20205,1,1,1,0cb29225-3c62-4ee4-a5f6-7d5b6a833484,0cb29225-3c62-4ee4-a5f6-7d5b6a833484
63,88c5a4a9-09a6-4e9b-9149-8b5a3f3163ce,Corena,Neasam,corena.neasam@verizon.net,Corena Neasam,7e5550b4-2852-4833-82b3-87ebd0b7818f,Coordinator,88c5a4a9-09a6-4e9b-9,2025-04-15 12:22:29,0,2025-04-15 12:22:30,2024-10-21 23:01:22,2025-04-15 12:22:30,88c5a4a9-09a6-4e9b-9149-8b5a3f3163ce,88c5a4a9-09a6-4e9b-9149-8b5a3f3163ce,88c5a4a9-09a6-4e9b-9149-8b5a3f3163ce,cneasam19759,Corena,Neasam,6901 Hershey Lane,6901 Hershey Lane,Austin,TX,78754,1,1,1,88c5a4a9-09a6-4e9b-9149-8b5a3f3163ce,88c5a4a9-09a6-4e9b-9149-8b5a3f3163ce
64,c15313f1-920d-49fa-ad7d-6978a47b3fbb,Olin,Blakey,olin.blakey@gmail.com,Olin Blakey,f1c6fd86-f35b-4244-b5ad-b70cc69320b4,Consultant,c15313f1-920d-49fa-a,2025-03-18 12:09:47,1,2025-03-18 12:09:48,2024-10-21 23:06:30,2025-03-18 12:09:48,c15313f1-920d-49fa-ad7d-6978a47b3fbb,c15313f1-920d-49fa-ad7d-6978a47b3fbb,c15313f1-920d-49fa-ad7d-6978a47b3fbb,oblakey26207,Olin,Blakey,5750 Margaux Trail,5750 Margaux Trail,Dallas,TX,75397,1,1,1,c15313f1-920d-49fa-ad7d-6978a47b3fbb,c15313f1-920d-49fa-ad7d-6978a47b3fbb
65,f738b8e4-e2a2-4359-be56-f126d3acedcf,Tamar,Sanper,tamar.sanper@aol.com,Tamar Sanper,0c6e1c37-a271-4bfa-9e39-cffa4a7db0de,Intern,f738b8e4-e2a2-4359-b,2025-10-21 10:20:18,0,2025-10-21 10:20:19,2024-10-21 23:10:56,2025-10-21 10:20:19,f738b8e4-e2a2-4359-be56-f126d3acedcf,f738b8e4-e2a2-4359-be56-f126d3acedcf,f738b8e4-e2a2-4359-be56-f126d3acedcf,tsanper55138,Tamar,Sanper,14664 Leesville Street,14664 Leesville Street,Los Angeles,CA,90015,0,0,0,f738b8e4-e2a2-4359-be56-f126d3acedcf,f738b8e4-e2a2-4359-be56-f126d3acedcf
66,53b99570-a82d-4679-b25f-d9a024dcbbe6,Roxanne,Murrison,roxanne.murrison@yahoo.com,Roxanne Murrison,b68bbd0b-1b92-48ac-91dc-060b990b34fc,Support Staff,53b99570-a82d-4679-b,2025-01-26 17:22:13,1,2025-01-26 17:22:14,2024-10-21 23:20:43,2025-01-26 17:22:14,53b99570-a82d-4679-b25f-d9a024dcbbe6,53b99570-a82d-4679-b25f-d9a024dcbbe6,53b99570-a82d-4679-b25f-d9a024dcbbe6,rmurrison32044,Roxanne,Murrison,3663 Weber Court,3663 Weber Court,San Antonio,TX,78250,1,1,1,53b99570-a82d-4679-b25f-d9a024dcbbe6,53b99570-a82d-4679-b25f-d9a024dcbbe6
67,1161a37c-f4d6-4894-86c4-d196fb3f8435,Karlie,Clendennen,karlie.clendennen@hotmail.com,Karlie Clendennen,53b99570-a82d-4679-b25f-d9a024dcbbe6,Trainer,1161a37c-f4d6-4894-8,2025-01-05 16:14:51,0,2025-01-05 16:14:52,2024-10-21 23:23:54,2025-01-05 16:14:52,1161a37c-f4d6-4894-86c4-d196fb3f8435,1161a37c-f4d6-4894-86c4-d196fb3f8435,1161a37c-f4d6-4894-86c4-d196fb3f8435,kclendennen27210,Karlie,Clendennen,2798 Chapman Loop,2798 Chapman Loop,South Bend,IN,46634,1,1,1,1161a37c-f4d6-4894-86c4-d196fb3f8435,1161a37c-f4d6-4894-86c4-d196fb3f8435
68,0c7e7078-d123-4b96-aa1d-d87dae0b2479,Pacorro,Larraway,pacorro.larraway@hotmail.com,Pacorro Larraway,9dc81283-d7e1-495a-a0fb-2e5140bf8a5e,Employee,0c7e7078-d123-4b96-a,2025-09-27 00:32:27,1,2025-09-27 00:32:28,2024-10-21 23:26:34,2025-09-27 00:32:28,0c7e7078-d123-4b96-aa1d-d87dae0b2479,0c7e7078-d123-4b96-aa1d-d87dae0b2479,0c7e7078-d123-4b96-aa1d-d87dae0b2479,plarraway21685,Pacorro,Larraway,13661 Laurel Hill Lane,13661 Laurel Hill Lane,Houston,TX,77025,0,0,0,0c7e7078-d123-4b96-aa1d-d87dae0b2479,0c7e7078-d123-4b96-aa1d-d87dae0b2479
69,4662f922-138c-4757-aca6-99dbaa9271e3,Esdras,Raithmill,esdras.raithmill@hotmail.co.uk,Esdras Raithmill,defa1a33-eca7-4536-b90d-c48bfbfb4ac0,Analyst,4662f922-138c-4757-a,2025-01-09 08:08:10,0,2025-01-09 08:08:11,2024-10-21 23:35:45,2025-01-09 08:08:11,4662f922-138c-4757-aca6-99dbaa9271e3,4662f922-138c-4757-aca6-99dbaa9271e3,4662f922-138c-4757-aca6-99dbaa9271e3,eraithmill7029,Esdras,Raithmill,2949 Crenshaw Terrace,2949 Crenshaw Terrace,Saint Paul,MN,55188,1,1,1,4662f922-138c-4757-aca6-99dbaa9271e3,4662f922-138c-4757-aca6-99dbaa9271e3
70,83cadd52-2036-4851-83de-815813db45c4,Arabel,Stallion,arabel.stallion@bellsouth.net,Arabel Stallion,9281a802-3167-45b0-af47-bcf440733cf6,Administrator,83cadd52-2036-4851-8,2025-08-09 15:24:10,1,2025-08-09 15:24:11,2024-10-21 23:38:31,2025-08-09 15:24:11,83cadd52-2036-4851-83de-815813db45c4,83cadd52-2036-4851-83de-815813db45c4,83cadd52-2036-4851-83de-815813db45c4,astallion25805,Arabel,Stallion,11673 Wimberly Place,11673 Wimberly Place,Valley Forge,PA,19495,0,0,0,83cadd52-2036-4851-83de-815813db45c4,83cadd52-2036-4851-83de-815813db45c4
71,2e2e7813-c4fc-4504-a119-010ddb4240f8,Ingra,Whittet,ingra.whittet@yahoo.com,Ingra Whittet,e8ebf70a-af26-4934-af67-287a6168f1d1,Guest,2e2e7813-c4fc-4504-a,2025-09-30 01:21:56,1,2025-09-30 01:21:57,2024-10-21 23:46:31,2025-09-30 01:21:57,2e2e7813-c4fc-4504-a119-010ddb4240f8,2e2e7813-c4fc-4504-a119-010ddb4240f8,2e2e7813-c4fc-4504-a119-010ddb4240f8,iwhittet59750,Ingra,Whittet,13786 Hensley Avenue,13786 Hensley Avenue,Sacramento,CA,94273,0,0,0,2e2e7813-c4fc-4504-a119-010ddb4240f8,2e2e7813-c4fc-4504-a119-010ddb4240f8
72,a415cdff-9df5-4070-8c2f-6ae7786b89e8,Kakalina,Reace,kakalina.reace@hotmail.com,Kakalina Reace,cb3ec2ca-ec5c-4a89-ab18-d71240901e8e,Director,a415cdff-9df5-4070-8,2025-07-01 23:10:03,0,2025-07-01 23:10:04,2024-10-21 23:55:47,2025-07-01 23:10:04,a415cdff-9df5-4070-8c2f-6ae7786b89e8,a415cdff-9df5-4070-8c2f-6ae7786b89e8,a415cdff-9df5-4070-8c2f-6ae7786b89e8,kreace46475,Kakalina,Reace,10084 Wicklow Court,10084 Wicklow Court,Los Angeles,CA,90035,0,0,0,a415cdff-9df5-4070-8c2f-6ae7786b89e8,a415cdff-9df5-4070-8c2f-6ae7786b89e8
73,9dc81283-d7e1-495a-a0fb-2e5140bf8a5e,Merwin,Cavozzi,merwin.cavozzi@hotmail.com,Merwin Cavozzi,0283cc31-4aaf-46c3-a1bd-f7d2d03bafd7,Contractor,9dc81283-d7e1-495a-a,2024-11-15 06:17:54,0,2024-11-15 06:17:55,2024-10-22 00:02:50,2024-11-15 06:17:55,9dc81283-d7e1-495a-a0fb-2e5140bf8a5e,9dc81283-d7e1-495a-a0fb-2e5140bf8a5e,9dc81283-d7e1-495a-a0fb-2e5140bf8a5e,mcavozzi15932,Merwin,Cavozzi,686 Vintage Place,686 Vintage Place,San Antonio,TX,78255,1,1,1,9dc81283-d7e1-495a-a0fb-2e5140bf8a5e,9dc81283-d7e1-495a-a0fb-2e5140bf8a5e
74,7a184de1-c77b-4036-906d-e08f59395f39,Garvin,Bails,garvin.bails@yahoo.com,Garvin Bails,def1200f-20be-43aa-a0ff-1d2b8f1f23e8,Supervisor,7a184de1-c77b-4036-9,2025-01-01 07:56:05,1,2025-01-01 07:56:06,2024-10-22 00:04:14,2025-01-01 07:56:06,7a184de1-c77b-4036-906d-e08f59395f39,7a184de1-c77b-4036-906d-e08f59395f39,7a184de1-c77b-4036-906d-e08f59395f39,gbails60188,Garvin,Bails,2620 Mareno Court,2620 Mareno Court,San Antonio,TX,78260,1,1,1,7a184de1-c77b-4036-906d-e08f59395f39,7a184de1-c77b-4036-906d-e08f59395f39
75,718d0585-6439-4b3c-844e-0aa9a5d6c423,Kit,Rathe,kit.rathe@hotmail.com,Kit Rathe,aaf14f8f-ff57-464a-9536-e05e02b94682,Developer,718d0585-6439-4b3c-8,2024-11-11 01:11:26,0,2024-11-11 01:11:27,2024-10-22 00:06:48,2024-11-11 01:11:27,718d0585-6439-4b3c-844e-0aa9a5d6c423,718d0585-6439-4b3c-844e-0aa9a5d6c423,718d0585-6439-4b3c-844e-0aa9a5d6c423,krathe63187,Kit,Rathe,512 Peninsula Street,512 Peninsula Street,Birmingham,AL,35279,1,1,1,718d0585-6439-4b3c-844e-0aa9a5d6c423,718d0585-6439-4b3c-844e-0aa9a5d6c423
76,a7137b03-76b4-4968-9a14-d307acbc798b,Ettore,Harle,ettore.harle@orange.fr,Ettore Harle,761e5a94-a490-4a1a-a872-b9cff85fe398,Administrator,a7137b03-76b4-4968-9,2025-07-20 17:03:20,1,2025-07-20 17:03:21,2024-10-22 00:08:06,2025-07-20 17:03:21,a7137b03-76b4-4968-9a14-d307acbc798b,a7137b03-76b4-4968-9a14-d307acbc798b,a7137b03-76b4-4968-9a14-d307acbc798b,eharle20574,Ettore,Harle,10854 Chula Court,10854 Chula Court,Philadelphia,PA,19141,0,0,0,a7137b03-76b4-4968-9a14-d307acbc798b,a7137b03-76b4-4968-9a14-d307acbc798b
77,cc127a23-58c0-45e6-ae95-766b0a1cbcfb,Flossie,Bree,flossie.bree@yahoo.com,Flossie Bree,7c9cd5bb-ea66-4466-97f2-5dfd1604d8f3,Developer,cc127a23-58c0-45e6-a,2025-01-26 10:08:09,0,2025-01-26 10:08:10,2024-10-22 00:15:36,2025-01-26 10:08:10,cc127a23-58c0-45e6-ae95-766b0a1cbcfb,cc127a23-58c0-45e6-ae95-766b0a1cbcfb,cc127a23-58c0-45e6-ae95-766b0a1cbcfb,fbree28833,Flossie,Bree,3651 Elana Place,3651 Elana Place,Columbia,SC,29225,1,1,1,cc127a23-58c0-45e6-ae95-766b0a1cbcfb,cc127a23-58c0-45e6-ae95-766b0a1cbcfb
78,a29547a6-110f-4f71-a073-216ef67950c6,Brandtr,Worg,brandtr.worg@rediffmail.com,Brandtr Worg,dd3f2d19-266a-4a57-b07a-8b6fea245771,Guest,a29547a6-110f-4f71-a,2024-11-25 14:15:54,1,2024-11-25 14:15:55,2024-10-22 00:18:47,2024-11-25 14:15:55,a29547a6-110f-4f71-a073-216ef67950c6,a29547a6-110f-4f71-a073-216ef67950c6,a29547a6-110f-4f71-a073-216ef67950c6,bworg46205,Brandtr,Worg,1110 Tweedle Terrace,1110 Tweedle Terrace,Cincinnati,OH,45203,1,1,1,a29547a6-110f-4f71-a073-216ef67950c6,a29547a6-110f-4f71-a073-216ef67950c6
79,82986ea0-be2d-4819-a478-d502f03690f1,Pat,Pala,pat.pala@hotmail.com,Pat Pala,68eb2c55-7756-4f8f-97ad-c3737e8f4ddb,Manager,82986ea0-be2d-4819-a,2025-05-18 20:24:28,0,2025-05-18 20:24:29,2024-10-22 00:20:26,2025-05-18 20:24:29,82986ea0-be2d-4819-a478-d502f03690f1,82986ea0-be2d-4819-a478-d502f03690f1,82986ea0-be2d-4819-a478-d502f03690f1,ppala37214,Pat,Pala,8271 Cheltenham Court,8271 Cheltenham Court,Waco,TX,76705,0,0,0,82986ea0-be2d-4819-a478-d502f03690f1,82986ea0-be2d-4819-a478-d502f03690f1
80,10a12b8f-eeb4-4d19-beb4-ef21a13abf55,Brandea,Carruth,brandea.carruth@ntlworld.com,Brandea Carruth,701651bc-3060-4f4d-ac9e-248c14894945,Trainer,10a12b8f-eeb4-4d19-b,2025-09-04 12:01:23,1,2025-09-04 12:01:24,2024-10-22 00:26:23,2025-09-04 12:01:24,10a12b8f-eeb4-4d19-beb4-ef21a13abf55,10a12b8f-eeb4-4d19-beb4-ef21a13abf55,10a12b8f-eeb4-4d19-beb4-ef21a13abf55,bcarruth65291,Brandea,Carruth,12736 Parlor Place,12736 Parlor Place,San Francisco,CA,94147,0,0,0,10a12b8f-eeb4-4d19-beb4-ef21a13abf55,10a12b8f-eeb4-4d19-beb4-ef21a13abf55
81,836be7a8-7074-4de3-8c18-2737402ca488,Costa,Pobjoy,costa.pobjoy@yahoo.com,Costa Pobjoy,9af4ac91-b4be-466b-9c0d-b895df93ca24,Employee,836be7a8-7074-4de3-8,2024-11-08 21:49:37,0,2024-11-08 21:49:38,2024-10-22 00:35:01,2024-11-08 21:49:38,836be7a8-7074-4de3-8c18-2737402ca488,836be7a8-7074-4de3-8c18-2737402ca488,836be7a8-7074-4de3-8c18-2737402ca488,cpobjoy6196,Costa,Pobjoy,425 Peachtree Avenue,425 Peachtree Avenue,Spokane,WA,99215,1,1,1,836be7a8-7074-4de3-8c18-2737402ca488,836be7a8-7074-4de3-8c18-2737402ca488
82,4b7b21fa-f2bd-42b1-961c-6422321d14d3,Caesar,Dearsley,caesar.dearsley@yahoo.com,Caesar Dearsley,44ebb136-1dde-4bb5-9315-37688446edc8,Team Lead,4b7b21fa-f2bd-42b1-9,2025-08-30 06:14:23,1,2025-08-30 06:14:24,2024-10-22 00:36:16,2025-08-30 06:14:24,4b7b21fa-f2bd-42b1-961c-6422321d14d3,4b7b21fa-f2bd-42b1-961c-6422321d14d3,4b7b21fa-f2bd-42b1-961c-6422321d14d3,cdearsley15798,Caesar,Dearsley,12520 Lucky Lane,12520 Lucky Lane,Hialeah,FL,33018,0,0,0,4b7b21fa-f2bd-42b1-961c-6422321d14d3,4b7b21fa-f2bd-42b1-961c-6422321d14d3
83,5ac6ba36-c48d-4030-9aed-b8f7e15a1562,Salli,Chrstine,salli.chrstine@aol.com,Salli Chrstine,cfcf0e4e-53ce-42c6-9d28-7984247503f6,Consultant,5ac6ba36-c48d-4030-9,2025-06-14 11:56:48,0,2025-06-14 11:56:49,2024-10-22 00:44:46,2025-06-14 11:56:49,5ac6ba36-c48d-4030-9aed-b8f7e15a1562,5ac6ba36-c48d-4030-9aed-b8f7e15a1562,5ac6ba36-c48d-4030-9aed-b8f7e15a1562,schrstine47080,Salli,Chrstine,9366 Fahs Loop,9366 Fahs Loop,Des Moines,IA,50315,0,0,0,5ac6ba36-c48d-4030-9aed-b8f7e15a1562,5ac6ba36-c48d-4030-9aed-b8f7e15a1562
84,e8ebf70a-af26-4934-af67-287a6168f1d1,Jephthah,Ezele,jephthah.ezele@gmail.com,Jephthah Ezele,a69e73fe-047a-4c17-bceb-fd848e2a1d0a,Support Staff,e8ebf70a-af26-4934-a,2025-07-09 23:31:45,1,2025-07-09 23:31:46,2024-10-22 00:51:23,2025-07-09 23:31:46,e8ebf70a-af26-4934-af67-287a6168f1d1,e8ebf70a-af26-4934-af67-287a6168f1d1,e8ebf70a-af26-4934-af67-287a6168f1d1,jezele25651,Jephthah,Ezele,10413 Highbanks Court,10413 Highbanks Court,El Paso,TX,88589,0,0,0,e8ebf70a-af26-4934-af67-287a6168f1d1,e8ebf70a-af26-4934-af67-287a6168f1d1
85,098fda0b-654b-49cf-ba48-32e15a27b0bc,Lyndsay,Yegorkin,lyndsay.yegorkin@yahoo.com,Lyndsay Yegorkin,86ae95e4-f8b2-4f3c-94fe-47d20a3f6481,Director,098fda0b-654b-49cf-b,2025-06-11 21:58:39,0,2025-06-11 21:58:40,2024-10-22 00:58:37,2025-06-11 21:58:40,098fda0b-654b-49cf-ba48-32e15a27b0bc,098fda0b-654b-49cf-ba48-32e15a27b0bc,098fda0b-654b-49cf-ba48-32e15a27b0bc,lyegorkin56016,Lyndsay,Yegorkin,9260 Picnic Place,9260 Picnic Place,Raleigh,NC,27615,0,0,0,098fda0b-654b-49cf-ba48-32e15a27b0bc,098fda0b-654b-49cf-ba48-32e15a27b0bc
86,ff8775d1-a570-442d-a6ec-26271179109e,Liana,Vooght,liana.vooght@hotmail.com,Liana Vooght,a333a861-14c2-4522-b136-fe929ab685f3,Supervisor,ff8775d1-a570-442d-a,2025-05-22 21:38:18,1,2025-05-22 21:38:19,2024-10-22 01:05:10,2025-05-22 21:38:19,ff8775d1-a570-442d-a6ec-26271179109e,ff8775d1-a570-442d-a6ec-26271179109e,ff8775d1-a570-442d-a6ec-26271179109e,lvooght55720,Liana,Vooght,8437 Vista Place,8437 Vista Place,Charleston,WV,25362,0,0,0,ff8775d1-a570-442d-a6ec-26271179109e,ff8775d1-a570-442d-a6ec-26271179109e
87,63033dda-43c9-4c05-b487-28464c4a3bfe,Roi,Parley,roi.parley@terra.com.br,Roi Parley,0ab53c9c-585b-4cf3-8251-886c5e0939e2,Analyst,63033dda-43c9-4c05-b,2025-04-06 11:41:41,1,2025-04-06 11:41:42,2024-10-22 01:11:13,2025-04-06 11:41:42,63033dda-43c9-4c05-b487-28464c4a3bfe,63033dda-43c9-4c05-b487-28464c4a3bfe,63033dda-43c9-4c05-b487-28464c4a3bfe,rparley15972,Roi,Parley,6530 Sagamore Street,6530 Sagamore Street,Las Vegas,NV,89105,1,1,1,63033dda-43c9-4c05-b487-28464c4a3bfe,63033dda-43c9-4c05-b487-28464c4a3bfe
88,abdf5e3a-5a5d-48c9-a7a9-e26f5e10de68,Molly,Hollingsbee,molly.hollingsbee@yahoo.com,Molly Hollingsbee,d1aac355-8d66-4569-afd2-159af3e8b985,Contractor,abdf5e3a-5a5d-48c9-a,2025-01-14 13:46:55,0,2025-01-14 13:46:56,2024-10-22 01:16:08,2025-01-14 13:46:56,abdf5e3a-5a5d-48c9-a7a9-e26f5e10de68,abdf5e3a-5a5d-48c9-a7a9-e26f5e10de68,abdf5e3a-5a5d-48c9-a7a9-e26f5e10de68,mhollingsbee54825,Molly,Hollingsbee,3164 Navarro Court,3164 Navarro Court,Virginia Beach,VA,23464,1,1,1,abdf5e3a-5a5d-48c9-a7a9-e26f5e10de68,abdf5e3a-5a5d-48c9-a7a9-e26f5e10de68
89,febdff23-2eaa-4143-add7-ab9f8d229b40,Harley,Moniker,harley.moniker@aol.com,Harley Moniker,9cc47a01-902c-4750-a10f-f0013f3fe9a4,Intern,febdff23-2eaa-4143-a,2025-09-28 07:09:44,1,2025-09-28 07:09:45,2024-10-22 01:19:01,2025-09-28 07:09:45,febdff23-2eaa-4143-add7-ab9f8d229b40,febdff23-2eaa-4143-add7-ab9f8d229b40,febdff23-2eaa-4143-add7-ab9f8d229b40,hmoniker34993,Harley,Moniker,13714 Madeline Lane,13714 Madeline Lane,Vienna,VA,22184,0,0,0,febdff23-2eaa-4143-add7-ab9f8d229b40,febdff23-2eaa-4143-add7-ab9f8d229b40
90,2d437754-6b0d-4331-93dd-ff5524891d9a,Tabatha,Grassot,tabatha.grassot@hotmail.com,Tabatha Grassot,efe24209-7902-4d0b-a287-62f6a719b1a4,Coordinator,2d437754-6b0d-4331-9,2025-07-31 12:08:50,0,2025-07-31 12:08:51,2024-10-22 01:28:14,2025-07-31 12:08:51,2d437754-6b0d-4331-93dd-ff5524891d9a,2d437754-6b0d-4331-93dd-ff5524891d9a,2d437754-6b0d-4331-93dd-ff5524891d9a,tgrassot40776,Tabatha,Grassot,11298 Whitten Terrace,11298 Whitten Terrace,Davenport,IA,52809,0,0,0,2d437754-6b0d-4331-93dd-ff5524891d9a,2d437754-6b0d-4331-93dd-ff5524891d9a
91,540ee687-30ee-4a2d-b9a7-15a4abcd0971,Heywood,Gurge,heywood.gurge@gmail.com,Heywood Gurge,6add3928-d16e-48b3-988e-c632665a30b1,Director,540ee687-30ee-4a2d-b,2025-03-03 04:35:22,0,2025-03-03 04:35:23,2024-10-22 01:36:00,2025-03-03 04:35:23,540ee687-30ee-4a2d-b9a7-15a4abcd0971,540ee687-30ee-4a2d-b9a7-15a4abcd0971,540ee687-30ee-4a2d-b9a7-15a4abcd0971,hgurge48993,Heywood,Gurge,5121 Palmetto Drive,5121 Palmetto Drive,Canton,OH,44760,1,1,1,540ee687-30ee-4a2d-b9a7-15a4abcd0971,540ee687-30ee-4a2d-b9a7-15a4abcd0971
92,c0ec33a5-39d0-4614-b617-23ce4526dd44,Gilburt,Tiner,gilburt.tiner@aol.com,Gilburt Tiner,6c052782-37a7-42c6-85e0-d40f3167f7db,Supervisor,c0ec33a5-39d0-4614-b,2025-09-26 03:44:57,1,2025-09-26 03:44:58,2024-10-22 01:40:04,2025-09-26 03:44:58,c0ec33a5-39d0-4614-b617-23ce4526dd44,c0ec33a5-39d0-4614-b617-23ce4526dd44,c0ec33a5-39d0-4614-b617-23ce4526dd44,gtiner53817,Gilburt,Tiner,13626 Cook Place,13626 Cook Place,Fort Pierce,FL,34949,0,0,0,c0ec33a5-39d0-4614-b617-23ce4526dd44,c0ec33a5-39d0-4614-b617-23ce4526dd44
93,6a8d819b-5419-432d-b29f-962f44082178,Beverlie,Fassam,beverlie.fassam@gmail.com,Beverlie Fassam,451a3351-2ed4-4f6e-8c56-4890298252a1,Analyst,6a8d819b-5419-432d-b,2024-11-08 05:53:59,0,2024-11-08 05:54:00,2024-10-22 01:49:14,2024-11-08 05:54:00,6a8d819b-5419-432d-b29f-962f44082178,6a8d819b-5419-432d-b29f-962f44082178,6a8d819b-5419-432d-b29f-962f44082178,bfassam33849,Beverlie,Fassam,397 Ashbrook Place,397 Ashbrook Place,Jacksonville,FL,32204,1,1,1,6a8d819b-5419-432d-b29f-962f44082178,6a8d819b-5419-432d-b29f-962f44082178
94,65b601de-9044-451c-9ed8-abebf4c1b003,Jermaine,Creany,jermaine.creany@yahoo.com,Jermaine Creany,718d0585-6439-4b3c-844e-0aa9a5d6c423,Contractor,65b601de-9044-451c-9,2025-10-20 11:16:09,1,2025-10-20 11:16:10,2024-10-22 01:50:28,2025-10-20 11:16:10,65b601de-9044-451c-9ed8-abebf4c1b003,65b601de-9044-451c-9ed8-abebf4c1b003,65b601de-9044-451c-9ed8-abebf4c1b003,jcreany25022,Jermaine,Creany,14625 Quaker Court,14625 Quaker Court,Houston,TX,77260,0,0,0,65b601de-9044-451c-9ed8-abebf4c1b003,65b601de-9044-451c-9ed8-abebf4c1b003
95,e7325e03-09de-4fc5-8c14-832427229895,Ethyl,Ilyas,ethyl.ilyas@yahoo.com,Ethyl Ilyas,b1f93720-5724-4064-939e-0a072ec23368,Intern,e7325e03-09de-4fc5-8,2025-02-14 00:08:03,0,2025-02-14 00:08:04,2024-10-22 02:00:14,2025-02-14 00:08:04,e7325e03-09de-4fc5-8c14-832427229895,e7325e03-09de-4fc5-8c14-832427229895,e7325e03-09de-4fc5-8c14-832427229895,eilyas49411,Ethyl,Ilyas,4415 Luca Lane,4415 Luca Lane,Columbus,OH,43284,1,1,1,e7325e03-09de-4fc5-8c14-832427229895,e7325e03-09de-4fc5-8c14-832427229895
96,6c13394d-9818-4a95-8197-329b1a1ad2b1,Gwennie,Dreus,gwennie.dreus@gmail.com,Gwennie Dreus,177401dc-4bd4-4b36-84b6-b10adae63a78,Coordinator,6c13394d-9818-4a95-8,2024-11-07 12:34:47,1,2024-11-07 12:34:48,2024-10-22 02:03:52,2024-11-07 12:34:48,6c13394d-9818-4a95-8197-329b1a1ad2b1,6c13394d-9818-4a95-8197-329b1a1ad2b1,6c13394d-9818-4a95-8197-329b1a1ad2b1,gdreus46420,Gwennie,Dreus,368 Little Lane,368 Little Lane,Corpus Christi,TX,78475,1,1,1,6c13394d-9818-4a95-8197-329b1a1ad2b1,6c13394d-9818-4a95-8197-329b1a1ad2b1
97,9b2aab7b-27a4-49b3-a989-2db3a3718619,Blanca,Liver,blanca.liver@gmail.com,Blanca Liver,51de8371-7608-4a9f-acab-548e52f978e5,Administrator,9b2aab7b-27a4-49b3-a,2024-11-25 02:01:59,0,2024-11-25 02:02:00,2024-10-22 02:05:05,2024-11-25 02:02:00,9b2aab7b-27a4-49b3-a989-2db3a3718619,9b2aab7b-27a4-49b3-a989-2db3a3718619,9b2aab7b-27a4-49b3-a989-2db3a3718619,bliver40029,Blanca,Liver,1089 Woodfield Way,1089 Woodfield Way,Santa Barbara,CA,93150,1,1,1,9b2aab7b-27a4-49b3-a989-2db3a3718619,9b2aab7b-27a4-49b3-a989-2db3a3718619
98,3f292619-5990-48ab-b9ce-64442ba1e945,Levi,Coysh,levi.coysh@yahoo.com,Levi Coysh,9c772c80-2996-4126-a978-352c0376e5d2,Developer,3f292619-5990-48ab-b,2025-01-28 12:18:08,1,2025-01-28 12:18:09,2024-10-22 02:06:44,2025-01-28 12:18:09,3f292619-5990-48ab-b9ce-64442ba1e945,3f292619-5990-48ab-b9ce-64442ba1e945,3f292619-5990-48ab-b9ce-64442ba1e945,lcoysh50922,Levi,Coysh,3737 Seebald Street,3737 Seebald Street,Fort Worth,TX,76147,1,1,1,3f292619-5990-48ab-b9ce-64442ba1e945,3f292619-5990-48ab-b9ce-64442ba1e945
99,76404306-ffab-4d8a-bde1-e279bd2535c3,Armin,Skune,armin.skune@gmail.com,Armin Skune,0cb29225-3c62-4ee4-a5f6-7d5b6a833484,Guest,76404306-ffab-4d8a-b,2025-05-08 19:23:00,0,2025-05-08 19:23:01,2024-10-22 02:09:58,2025-05-08 19:23:01,76404306-ffab-4d8a-bde1-e279bd2535c3,76404306-ffab-4d8a-bde1-e279bd2535c3,76404306-ffab-4d8a-bde1-e279bd2535c3,askune1361,Armin,Skune,7858 Laurel Run,7858 Laurel Run,Hayward,CA,94544,0,0,0,76404306-ffab-4d8a-bde1-e279bd2535c3,76404306-ffab-4d8a-bde1-e279bd2535c3
100,bfff19f6-ed80-46a0-a116-dace8621f5db,Malissa,Ferrarello,malissa.ferrarello@gmail.com,Malissa Ferrarello,30b2ead5-9dcc-4e94-8f20-55cb825da06d,Manager,bfff19f6-ed80-46a0-a,2025-08-29 19:02:47,1,2025-08-29 19:02:48,2024-10-22 02:15:40,2025-08-29 19:02:48,bfff19f6-ed80-46a0-a116-dace8621f5db,bfff19f6-ed80-46a0-a116-dace8621f5db,bfff19f6-ed80-46a0-a116-dace8621f5db,mferrarello49046,Malissa,Ferrarello,12501 Willowick Circle,12501 Willowick Circle,Phoenix,AZ,85040,0,0,0,bfff19f6-ed80-46a0-a116-dace8621f5db,bfff19f6-ed80-46a0-a116-dace8621f5db
