district_id,district_key,name,state
212,97212a3a-ba78-4ca5-835e-41a3d9927cea,'S-GRAVENHAGE,Texas
360,640b0550-8c10-440d-bd74-ea0651422f67,'S-GRAVENHAGE,Michigan
717,095c795a-0e47-4516-8db9-3f89e1d69ae3,ABYMES CEDEX,Florida
836,cdb9a350-e0d0-4b35-8389-f3b8f57a8469,ALAMOGORDO,Missouri
5,34aa33f0-fb3c-4198-a40b-4c42d4495917,ALBANY,Oklahoma
151,ad5abd9f-4187-42d7-a8eb-b196b8557a99,ALBANY,Wisconsin
197,859fec3d-9e2e-4551-90ba-9090f8c240d0,ALBANY,Michigan
334,f244334d-cdd7-4ad4-bae5-de428ba4562e,ALBANY,Connecticut
404,f7772617-0fc8-4cb6-99ef-93b4e78c2464,ALBANY,California
594,b58f1300-4767-4110-b81b-d79dfb2550e3,ALBANY,Pennsylvania
610,d62e1ada-5189-4ceb-981c-1bb248c6cc71,ALBANY,Arizona
920,5095e092-2b3a-488e-8dc4-3116eb20f3e0,ALBANY,Texas
944,a8dd46d4-93d6-47ae-9404-ceffd31df5b0,ALBANY,California
375,f3722b9e-d837-4b85-99d8-25f1fd54a0c1,ALBI CEDEX 9,Nebraska
552,0b5edcdf-30f8-46ac-9e1f-2313cb73ff9b,ALEXANDRIA,Michigan
855,10511923-2c0b-4ec0-9a1e-cd635bbfc987,ALTEA,Oregon
519,0bc2a223-ab02-4ae3-b44f-3ab58a0da985,AMERICUS,Texas
853,1c792dcc-9eec-4c48-9106-1f3e4f6f6b44,AMERSFOORT,Connecticut
55,4e4c50f7-0042-414e-8716-2e3c1bc50d89,AMHERST,Washington
285,603a8318-64ee-4e8c-9ee0-c3cadb1809a7,AMHERST,New Jersey
691,a6094bcb-0b83-4c3e-99a9-a9e2f53abac6,AMHERST,Florida
67,06ce4f49-9abb-4eb7-88da-43cc6eb87025,AMSTERDAM,Texas
133,e55037df-500a-4acf-9c54-384059e88b5d,AMSTERDAM,New York
372,a1e25a57-639a-4eb9-bb63-370a239c3ea4,AMSTERDAM,Texas
400,2aa9f936-05d5-4687-8890-c1bb35a0bc33,AMSTERDAM,Nevada
463,0a5edef6-49da-473f-8b48-957fa52bffcb,AMSTERDAM,Virginia
495,c32f987a-d08a-409f-9308-018e965aba92,AMSTERDAM,South Carolina
684,e93c5d35-e087-4600-8e1f-3880ed9ba020,AMSTERDAM,Georgia
323,70abca42-8dd5-4ce7-ba41-1ff1affdcc61,ANADARKO,New Hampshire
840,dbcefc3a-fb23-4b0a-a354-69258d79b7fc,ARRASATE/MONDRAGON,Indiana
800,fd5b6171-b2f6-484b-8a2f-e7a8b6704113,ASHLAND CITY,New Mexico
288,316caf1b-a92c-4b9b-8ebc-5cf0d2a3781c,ATLANTA,Colorado
699,e146b59b-2c22-4bc2-9331-de1b9ada4e73,ATLANTA,Oklahoma
711,99c265cd-a013-4c6c-907b-103feeb40d45,ATLANTA,Arizona
648,a418aee5-9d6d-4a16-8348-f740284d76b2,ATWOOD,Alabama
726,543b408a-b33a-465a-982e-9fe90faf3d6b,AUBURN,Arkansas
275,4c4d2b2c-6f07-4ae1-a258-c81f47fad97c,AVILLA,California
17,446c2d70-ebc5-40e6-9516-f8cf0ff17018,Aarhus C,Louisiana
674,24c0c814-cde8-4a6b-b26f-928efcd21b9c,Adelebsen,Illinois
148,887d177c-2e52-4a1e-b3be-9cdf4b7db3aa,Aichach a d Paar,California
831,a7c2e221-cddb-4fc8-b491-dfe17a9cf990,Albacete,Florida
205,aca39210-3d09-4338-80dd-800d3c0b91b2,"Albstadt, Württ",Arizona
141,7658b1b6-049f-4577-b009-032c255bb8df,"Alsheim, Rheinhess",Illinois
165,8b93c5fa-f982-4429-b302-6a19fe52907d,"Altenburg, Thür",Texas
309,f606b9ab-2591-4dde-806f-4b512d0aeb96,Amstetten,Tennessee
398,171d96dc-0810-4555-a57d-6a3200feea25,Anger,Virginia
73,e7af9992-d602-4043-a197-d832d022b493,Antwerpen,Oklahoma
170,feaef2cf-cccf-4b71-90f1-11c0456831b9,Antwerpen,Texas
299,233d8749-bc2d-44cb-93bc-ce705f20df93,Antwerpen,Massachusetts
366,0f261d8b-ee2f-4fc2-976c-dd8f5d83a119,Antwerpen,Arkansas
376,94fd7742-bf5e-46f8-96e8-b0fb3dc2a115,Antwerpen,Nevada
422,ba0c30ac-194d-463a-aebb-c051b30687f4,Antwerpen,New York
456,0de0e529-405b-4207-a1ee-42d6edb6cbfb,Antwerpen,California
476,cbb19704-6bd5-474d-9d38-c10a3c28b657,Antwerpen,California
486,19315cc2-b3cf-48ea-9aa7-c77146256374,Antwerpen,Pennsylvania
493,5b6c99df-3c54-4506-ad0b-562a75f7766c,Antwerpen,New York
504,437ce472-dda3-4fd5-94e4-4b0f432c17bf,Antwerpen,Georgia
681,c30f46be-a853-42df-92a4-51c2d2a3575b,Antwerpen,North Carolina
824,6a29b730-abc5-4652-a6f9-1f2323a58da1,Antwerpen,District of Columbia
826,afb5bb05-6e18-4486-96c7-68874d2c1ae6,Antwerpen,Oregon
899,c1797ef2-1e95-443a-a74c-d0fedf031be5,Antwerpen,Pennsylvania
271,fd5fe2f3-2728-484a-b11e-1cda3bc12095,BALDWIN,South Dakota
815,79645b46-83fc-4fea-9956-552db56e7f97,BATON ROUGE,California
915,47650251-518f-47a7-9047-d78d0b8fb34e,BATON ROUGE,West Virginia
442,0e50c6eb-b2b2-4ef3-8072-bc90a8887ebb,BAYPORT,California
554,639b9f9b-963b-4849-a295-d36083012e07,BELDING,Texas
458,6a867843-e45d-4246-9aaf-7e48d7454f35,BELLEVUE,Kentucky
606,1f62336c-e7a0-420f-a011-e1c9112036f2,BERESFORD,Indiana
988,b012ef1f-2b3b-429c-bf56-1a7625ba2539,BETXI,Pennsylvania
301,b9dd5a8e-de70-4bb4-b2d2-d9b0f0d9fe21,BEULAH,Louisiana
484,09c4a8c0-f283-4dfb-a9c2-700c5280b145,BEVERLY,Kentucky
931,9e88c902-c0b0-4adc-a299-5f1163bb12cf,BEVERLY,Pennsylvania
859,c0ab656b-3da1-4718-9109-095233080723,BIG TIMBER,Missouri
325,bc332b56-f092-4e77-8d9c-8ea7d9ca012d,BIGFORK,Arizona
12,1af28c2d-ee04-46b5-b32f-e859d5d31ac4,BIRMINGHAM,New York
20,6f3dfd58-5bf5-46ed-8c59-5048c0de70f2,BIRMINGHAM,California
147,261559d9-dd95-45d1-bf37-2d7a5c615469,BIRMINGHAM,Michigan
335,4aa83da4-cd2f-4c57-99ff-9cbc233177b8,BIRMINGHAM,Massachusetts
391,7c33833b-f4e8-4575-ae6c-e40c37776ebb,BIRMINGHAM,South Dakota
448,70637df5-b29d-4bd3-9137-62d28e50c3c6,BIRMINGHAM,District of Columbia
471,d0fa9079-afec-45bc-89ee-afcc51bb54b6,BIRMINGHAM,New York
573,8bbdcfa6-aae5-4a70-937e-8ea523e25db4,BIRMINGHAM,Maryland
676,2a744321-60b3-446e-9688-c0ad9dbe33dd,BIRMINGHAM,Texas
683,3c685fdc-db2a-420c-9b5a-674c034cd6d9,BIRMINGHAM,Virginia
904,5c03d953-6f4f-4323-ac26-0e579a4027de,BIRMINGHAM,Virginia
436,917113e7-f81c-47a1-88ec-3677becd6ea4,BIRNAMWOOD,Connecticut
843,d4fe07a2-8b13-4df8-8756-ce7b49c56108,BLACKSTONE,Texas
99,a1fe4cd5-db30-4508-85ec-9cf8dbe3bca4,BLAIRSVILLE,Texas
190,bc7123f9-07e9-498e-841e-a9e98cbaab0b,BLAIRSVILLE,California
669,45bb5cc7-ae7b-4f8d-8fb0-a787230bc5cd,BLAIRSVILLE,South Carolina
780,8e414d78-aa84-4c7d-9acd-8951b9a4b484,BLAIRSVILLE,Mississippi
885,731afd2a-3de0-4eca-945a-3739f81b6d9e,BLAIRSVILLE,Texas
700,da1de809-bac3-4fb7-934b-24cc723157a3,BLUEFIELD,New York
68,c2e8ad70-e24e-4bd3-8ecb-2bad89fe326d,BOAZ,Louisiana
578,535201f0-cad2-42bb-8898-d4fce8269f4a,BOISE CITY,California
927,07fe8370-fbbe-4f3d-aa34-f60744f9911f,BOLZANO-BOZEN,Montana
929,6929a232-0d99-4552-9c9b-e8f8f131962c,BORDEAUX,Alabama
597,dca514bb-aa9f-4995-b93e-f04a856233d8,BORDEAUX CEDEX,District of Columbia
887,205f720a-8fe6-4439-bf92-a4fd33c55e66,BORRIANA/BURRIANA,Nevada
537,7147272e-9481-4666-b29a-4a97a8981198,BOURGES CEDEX,Louisiana
584,b645ed5f-d274-43f5-9e04-0ecd48f296b6,BRANDON,Massachusetts
882,2807c1dc-9883-465a-a105-41ba5310f50e,BRANDON,California
23,015af7ba-0a05-48fd-87f9-ef1244924ec2,BREA,Maryland
571,3f8ec5db-1f04-45fc-996f-fd093ac2dd11,BRESCIA,Indiana
174,545d941b-105f-4b5c-b0ec-0dd848d39281,BROOKINGS,Tennessee
972,ccb8eff5-9e14-4406-a216-9aff9fb50231,BROWNSTOWN,California
496,7e556e34-052f-4a21-af35-28b658fe7e44,BROWNSVILLE,Texas
518,51bb6b04-c6e7-43c6-a5ae-b11d3bec2026,BRUNDIDGE,District of Columbia
246,f34c4d6f-4af6-4d5b-b00f-38a326821a26,BUCURESTI,South Dakota
327,fe46b111-8e08-47f8-8e68-9c2168dca8c7,BUCURESTI,Louisiana
218,a36f22f0-1920-4065-a67b-97418a45ff68,BUFFALO,Utah
762,bc6708d8-8118-4e26-8416-2715bdc10034,BURKBURNETT,Alaska
343,70a50d59-bb4c-4bd6-9d5f-18ee90ca2735,BURKE,Louisiana
475,ea2afd1d-5c18-4972-ae4b-73369bd717da,Bad Dürkheim,Michigan
989,0b1a5be2-8b22-44d2-ad5c-7553e243f2bc,Bad Hofgastein,California
283,f2404a0b-a962-416d-b274-9f69d010247d,Bad Leonfelden,Virginia
82,23d84e38-d3cb-4c45-ab37-6e191feaeebf,Bad Neuenahr-Ahrweiler,Texas
120,26a44595-f382-4ae9-8c47-be72116fdddc,Bad Reichenhall,District of Columbia
167,7a8f8e4c-a37e-4ffa-9ee9-5db3969e0dd0,Baden bei Wien,Pennsylvania
867,1013484e-88cc-4a66-82dc-050bc6c819ee,Bautzen,Iowa
449,6e38c632-9dee-4a24-b20e-8da5bd83e3c1,Bayreuth,New York
189,c57a1108-3578-447b-91d4-014770281b7a,Berghülen,California
22,f0f5f4b9-3481-49c9-aa5e-8e414c6037c6,Bergisch Gladbach,Indiana
1,84155212-8405-463d-8223-58847830d3f0,Berlin,Florida
640,e655bab9-c247-46f8-bd10-1e66f0319105,Berlin,Texas
694,36934e17-983c-4042-b123-5efcf85643e9,Berlin,Missouri
926,973ec6ec-496e-4c8b-91c0-58f60aac8bb6,Berlin,Michigan
347,a7c0dbc9-6c13-4be9-9648-906d97e4c6df,Beselich,Arizona
119,c2ecdeb7-15bb-4a64-b03f-ba57f90b40a8,Bilbao,Colorado
672,52ea97c2-b3d5-4ea5-bbb7-399ac43622ea,Bilbao,Nevada
388,0fd9e9e3-2a57-4edd-a0f0-67c2fb01ad5b,Bludenz,Texas
878,a04bfab6-3f6b-424d-b021-9851232d7312,Bratislava,Alabama
617,2e971fec-cc67-4f45-a0c5-fb4222ea783f,Breisach am Rhein,Oklahoma
798,b42ef0fd-be58-4dc2-88b3-3fe9e7fb777a,Bremen,Ohio
16,e3baf080-ff7e-46a1-91a6-f02f733f0a4b,Brussel,District of Columbia
41,38cb1c66-1498-45f2-8093-ed9615bc4da0,Brussel,Utah
356,84fd78a8-cfb1-43a1-ad4c-6e187e09f696,Brussel,California
675,35d8cc68-dc0b-4f87-8c02-56dd654887b8,Brussel,California
423,163bda15-8730-4700-8bfa-8598cfe0a1f1,Budapest 05. ker.,Arizona
231,47fd799d-2f9d-420b-9a65-e78c4db28f15,Budapest 11. ker.,Texas
752,db1b2a14-2351-4384-93bc-9bace6d02a4d,Budapest 11. ker.,Florida
837,5708ac92-490a-4269-aa7f-9bb00b766377,Bütthard,Oklahoma
361,bb1c4a52-445c-4178-83c8-36cfafae11d7,CADOTT,California
451,08d57218-286b-4dcb-9ce0-ac49b0ef9cc6,CAEN CEDEX 14,Michigan
905,6a5e57d5-b94f-44af-b80d-18e7625e89bc,CAGLIARI,Florida
281,02d2e32f-898b-4de6-805f-624ee91cf97d,CAMDEN,Florida
600,6c4397de-7423-4b87-8a84-2c38b2ac3857,CANTON,Hawaii
714,1d0a5211-f067-4b69-bba5-ad28accaa05b,CANTON,Pennsylvania
381,6d22a08a-d524-4e2b-909c-fdd6f252a27a,CARLSBAD,Idaho
478,f43bb541-df06-4a79-8d82-fee4c0221dbd,CARLSBAD,New York
130,aabab224-66ce-4768-89d0-3d338bf767f0,CASTAGNETO CARDUCCI,New Jersey
191,f47b8820-a9d8-4258-a37b-b689ef0e6e5b,CASTELLANA GROTTE,Georgia
858,ddf2cf1b-e438-4a8e-a23e-c3e2163a43d6,CASTIGLIONE MESSER RAIMONDO,North Carolina
976,d22b04a9-ef06-4c95-945d-5dedd50ffc49,CHANCELLOR,California
242,9cd6b849-8a16-43f6-930c-f7fe8cfa00f7,CHARLESTON,Virginia
140,f0939b92-da94-4150-bbb4-be55942b55d1,CHAS,Illinois
434,26ffc221-2b28-426d-8de7-ebc9c8d9ecc0,CHICAGO,Texas
531,49bbe7ad-ebfa-4ff7-9059-07f1b4ef4831,CHICAGO,California
870,495505f3-d081-4272-9cbd-96194960cd14,CHICAGO,Ohio
2,b4df50e8-f874-4f09-af0f-38916c29626e,CINCINNATI,North Carolina
44,61752bf1-34c2-4004-9df4-5f4b929de327,CINCINNATI,Michigan
52,172a078d-1c08-4dbe-af46-8c22716fded8,CINCINNATI,Arkansas
307,51f3a65a-81a0-4e1c-8ea3-7bd53b659475,CINCINNATI,Florida
561,f68ca294-6c47-46b1-a59c-2ea663743b18,CINCINNATI,California
634,b72f6009-c8f9-4834-b850-5440513de8f8,CINCINNATI,New York
670,676412d6-51c6-41fd-a0b8-c55b93dadcee,CINCINNATI,California
741,681b4483-a3f5-40f0-a7e7-996517471eaa,CINCINNATI,Texas
804,6499b3fd-2349-4324-986f-963b1c8b10e3,CINCINNATI,Massachusetts
830,4d744bb5-dd37-470e-9e2e-3046a2d393c5,CINCINNATI,Missouri
862,9306b4d7-f5be-428d-9de9-6148f16c922b,CINCINNATI,Ohio
895,1536e6c9-dc39-42ad-99a5-92da5bc62176,CINCINNATI,Ohio
913,c4f35a84-21d5-478e-8f38-a53480e22e2d,CINCINNATI,Florida
923,75e8a81b-9774-4aa8-a5d2-96cee67455ce,CINCINNATI,Minnesota
961,71485799-4339-4517-b988-f9b67980c231,CINCINNATI,Illinois
445,14cb9e02-415d-4c40-a21e-f2ec6d88f7d6,CLEVELAND,Texas
580,78bf0917-df52-4ab4-97ef-7fedd25825c5,CLEVELAND,Colorado
946,4919c177-bf83-45d1-803c-7115e14935cf,CLEVELAND,Texas
1015,aff859c9-7248-460c-810e-15b85dd8b7c9,CLUJ-NAPOCA,Georgia
43,75822ef9-4c79-42be-afe1-dbc1e7b080d9,COLUMBUS,Georgia
50,12162e55-e7cf-424d-a865-00a4c311351e,COLUMBUS,Texas
282,ea774df7-a2a9-4d31-88dc-2069a5c84985,COLUMBUS,District of Columbia
312,09ab2dd7-73af-43ad-a975-0f561298be60,COLUMBUS,Maryland
548,43d248cc-aa63-48fd-bf4f-4074c931c28d,COLUMBUS,Hawaii
766,be95f28b-493b-4831-be79-c77595a3b832,COLUMBUS,Virginia
777,2120d237-6b0a-4e94-9d66-7e4a68ec0184,COLUMBUS,District of Columbia
936,28a56ae8-9152-4125-ba60-3daeda364e0d,COLUMBUS,Texas
524,27d63268-618f-47c7-a75b-0688fd4511b8,CONWAY,Minnesota
585,5ad8bd56-a545-424b-a312-4228383dac8e,CONWAY,California
839,2aad209d-d5f8-4fcc-a4ce-1705c8a9e58a,CONWAY,New Jersey
186,fb179044-ae9c-4cd8-9997-a12670754e5e,COOK,Texas
823,e00e2694-5c36-4072-8647-e856d47e213b,CORTINA D'AMPEZZO,Tennessee
107,36bf2e1e-26fb-4ade-befa-043da3f41d97,CORYDON,North Carolina
497,9bec117b-08c1-4115-b21f-6b52c43a4481,COVINGTON,California
706,14aff7ec-2dcd-4a4a-8f10-4358682aabc7,COZAD,California
599,3f906e88-896d-4f63-bc16-537e0fe10f0d,CREMENO,Missouri
156,8141b066-ec0b-474d-b9fa-2b43efc782ad,"Cappeln, Oldenburg",Texas
1012,9bd14115-d35e-476b-9028-8d8cc616525c,Cavan,Texas
900,de25c3dc-f5df-470e-bbac-193650b63e72,Celle,Florida
384,c5ba67aa-ac35-4178-a91b-9896850c3193,Clare,Illinois
563,0a01b6b8-4e52-4607-8e45-420f53057a0f,Cork,Massachusetts
666,2903b20e-52f6-4714-b5c5-8ff9eab6f996,Cork,Oregon
790,a2eed8a5-1cc2-4ad5-b42e-c0e919386c65,Cork,Oklahoma
935,ad8cef2a-7e87-40cf-9111-9d21c646a6e2,Cork,Washington
970,9d5e5497-364e-46bb-94c7-a07192a2cccc,Cork,Illinois
270,bda6b722-8341-4fd0-8ecd-b8ba40bcb223,DALEVILLE,New York
614,13d79f04-2adf-45b7-8864-e04a790c5145,DALEVILLE,Michigan
922,248a074f-882e-46d0-a943-025adc442f13,DALEVILLE,Virginia
90,d0c1c04d-4667-4a6c-9f2f-6188e6b31f9f,DALLAS,Ohio
975,14648980-6ff7-4f5b-bbfe-49a2c34b8387,DALLAS,Tennessee
565,7bb2d7ef-abbd-488c-87b1-47b1b2004d9d,DAVID CITY,California
577,28350ec0-091e-4b2a-b7bc-14cd03619701,DENVER,Texas
644,3319aa50-bbfa-47a2-8101-637938baaa07,DENVER,California
146,90a62580-c0c9-4e4c-ac53-27e141463230,DETROIT,Pennsylvania
203,8119116c-d778-4173-bc43-e6aa96c1d004,DETROIT,Alabama
300,80a6f72a-974e-4f79-b9e5-c9334032db21,DETROIT,Texas
1009,0786b2ad-4824-4168-8414-483a1d999f3f,DETROIT,Mississippi
104,7d4e775c-1965-4e4d-a663-12ead3783ac4,DRAGUIGNAN,Colorado
490,f5d7533f-d685-43c7-bbc0-10381bfbfb25,DRIEBERGEN RYSENBU,Oklahoma
977,5cef42ba-ca98-49f2-b21f-9139810e4048,DRIEBERGEN RYSENBU,Iowa
873,c7e15f3b-f1b7-4430-9364-773d707624e0,DUNCAN,Minnesota
709,8475a06b-8852-49b8-90ea-4feda12734e5,DURHAM,Virginia
805,ab8e25bc-dd29-460b-8684-d5309682bc9b,DWIGHT,California
407,e83de278-6cd6-4632-8d08-a0e55b05f8b5,DYERSVILLE,New York
592,c3d7fbcd-4253-4bd4-8196-9e28cca5743f,"Damme, Dümmer",Florida
330,8ed42053-5155-4652-b312-7468e147fdaf,Darmstadt,Ohio
223,c526dc21-7564-4285-a6e0-a8aed1b1d3dc,Deggendorf,District of Columbia
527,98f3e4eb-2d9c-4c5a-b194-53b633b2786e,Dettenheim,California
31,3284caf7-7f97-484e-854d-c013a9df7529,Diez,Texas
255,45dd25cd-d969-4e62-9c6d-c5cc3bddd4cd,Dillenburg,Texas
184,8b603941-66d9-4e9d-967f-346138d43197,Dillingen a.d. Donau,Florida
259,4e66ae67-8dbb-427d-b751-1ebd1600a991,Donauwörth,New York
150,bec723e4-f231-452f-b3cc-a41b525ac672,Donegal,Massachusetts
265,393cc7e9-3191-43e3-a214-b3ef2038b4bb,Dornbirn,Pennsylvania
636,361a4cae-a030-46d1-9bbc-90231bfa5fd9,Dorsten,Massachusetts
611,985f4347-adc0-4316-978a-f8ec30875b13,Dortmund,District of Columbia
897,e854e4d0-3e53-4c85-966c-3cec73f54567,Draßmarkt,Washington
846,17522621-a7ee-4430-8529-49a9f146b403,Dresden,California
70,c6515fee-5c28-47fa-8c33-8df394d86d00,Dublin,California
208,314517da-80a8-4a7d-8ac0-86b42b181286,Dublin,New York
530,fe2557f0-9cb3-402f-92b4-dce38b596c2a,Dublin,Texas
570,80a49261-cbf1-405b-a1a1-7f4efcdb1165,Dublin,Florida
689,9641c81c-2b1e-4551-bf74-e2a643f76a4c,Dublin,California
772,248e4632-6452-4dce-b761-8921a88e2901,Dublin,California
801,befe7703-7aca-47e7-afa2-0e4c1312025b,Dublin,Iowa
806,057596ef-ef7d-45ad-9228-f71646dbb49a,Dublin,West Virginia
871,27efba44-42ee-42a6-ab9d-132331f7c852,Dublin,District of Columbia
532,88c5f8ce-180c-46a8-89f5-f10c526d417f,Duderstadt,District of Columbia
395,999f776d-3067-4d58-bb4e-e5824dbbefd0,Duisburg,Minnesota
667,760d3fe0-47c9-4ded-a269-b71078bbc294,EL MONTE,New York
783,36d33cf6-6767-4031-8f74-60cfcdb1b6ae,EL MONTE,California
413,fb5adcac-b6c1-40f3-b0ee-2562a9d6ee43,EL PASO,New York
508,1f609679-c62d-4f19-9fc6-08fe00353fd6,ELKINS,Tennessee
869,c947072c-d461-4221-93ee-3aa278c65191,ENGLEWOOD CLIFFS,Tennessee
685,48d86cfc-d275-466d-95b6-81dcf876084b,ERCHIE,California
985,0fb3e9f5-876b-4b0f-a844-c949fd8043d0,EVANSTON,Texas
392,96addad9-b095-4bca-9d84-0e1ef2e30d08,EVRY-COURCOURONNES,South Carolina
654,42885a9a-de62-412a-b8d1-bc436325f5e9,Eberndorf,Texas
925,f34a7f1e-0be4-4780-bbfe-ea3629a86620,Egg (Vbg.),Ohio
1007,1911a992-1744-401d-9e38-e95232c275e7,"Eisenach, Thüringen",Arizona
983,fe6f775b-5f60-4f1c-a77d-44c150fcdd36,Eisenstadt,California
695,130ea6ea-0795-4ff0-9d7c-8ddc80ce6da3,"Erbach, Odenwald",Pennsylvania
757,9080f800-d5c1-4e69-bb05-32beb31764f7,Erlangen,Utah
728,e83cfe7a-dd71-4502-a428-55eb716e5368,Euskirchen,District of Columbia
408,f0a37ff1-da37-4e8c-83ac-7ca900b12cbc,FAIRFAX,Wisconsin
125,bc603857-1731-4538-b691-5bdd679d2117,FAIRVIEW,New York
214,54684b17-79e1-4352-b77d-b167110b2805,FINDEL,Florida
768,34077805-f4a0-4577-88eb-5983f51b15de,FLETCHER,New York
100,2ff02b28-71a5-4063-bd17-fd71cba636dd,FORT PAYNE,Arizona
138,257d082a-41f2-4e28-a411-c133de7635aa,FRANKFORT,Michigan
631,fd255e9c-44a4-4cdd-b21f-5ec44a1e541d,FRANKFORT,Arkansas
956,c6bda71a-2bf0-494b-a2ad-2be2534ed10e,FRANKFORT,Iowa
27,89dd67fd-71b4-47c4-985d-782e4f1dfd44,FROSINONE,District of Columbia
591,de80fbe0-047c-4311-8540-bf02e02e3c28,FT. LAUDERDALE,New York
770,a5fd926d-4883-4026-adfc-670b051efb53,FT. LAUDERDALE,Georgia
655,8cd1ee29-eab8-4586-9b45-614f6cc6fb09,FT.LAUDERDALE,Minnesota
249,b70d54f1-2d29-4205-bf46-80b6f4404663,Feistritz an der Drau,New Mexico
807,5dde02d7-c8a6-4f6c-aa47-af4135065fde,Flensburg,Colorado
71,cf308594-c65b-4b88-9e37-64db110c12a4,Frankfurt am Main,Ohio
105,d6432f9d-0b1c-4b03-a766-d4255667b24f,Frankfurt am Main,North Carolina
238,e6a03569-2527-4f68-9609-ee4cc4a5de0d,Frankfurt am Main,Texas
337,a31cf8ba-d796-45d4-a619-dad4a23a35da,Frankfurt am Main,California
369,f506db63-6e04-4948-9eda-bed32cc0b668,Frankfurt am Main,Maine
379,472d61dd-53fc-4326-97ad-04b894a2eb6b,Frankfurt am Main,Delaware
389,be9a20d2-b346-4de9-a60d-2c009cfcbe4a,Frankfurt am Main,California
426,0871f14b-efe5-4fed-a717-3e5b81136c07,Frankfurt am Main,Massachusetts
431,fc32ec34-e98a-4fb3-91dd-3a1a369406db,Frankfurt am Main,Minnesota
567,81133732-28f1-43bb-8974-51fdd778f01e,Frankfurt am Main,Nebraska
626,41828d4f-81b2-4a2d-ae33-7a8585f7d4fa,Frankfurt am Main,Florida
652,61eb52d7-258b-4aeb-ba7c-2cf2ce24d9a2,Frankfurt am Main,Ohio
891,75342c7e-6ddc-465b-8bad-f7a8eb3e929d,Frankfurt am Main,Kansas
937,f1f49f3c-09a4-4bca-aa33-4d7fb5593434,Frankfurt am Main,New York
940,8ad15dee-7ba6-45d3-b534-9fcbedf5d90d,Frankfurt am Main,Missouri
963,5181953f-6bf4-4f65-a8fd-331b80557bf0,Frankfurt am Main,District of Columbia
974,6d86ecd3-249e-4dca-ae98-5f3aadb1beee,Frankfurt am Main,California
952,ae37187c-cb92-429d-80ad-e6d631eb0783,Frauenkirchen,Nevada
749,3896c02c-34c2-40ca-ad71-898e3d2a3fe9,"Freising, Oberbay",District of Columbia
997,ba279e4d-e0c9-457f-8f3e-d8e0d8989e70,Freudenstadt,Virginia
612,cb90985b-ecc3-44b7-9b2a-31ad5c2cc94c,Friesach (Ktn.),Texas
562,19b9bd16-1460-416a-9e35-41e5c3f23eea,GAINESVILLE,Pennsylvania
464,7423643b-be5d-442f-b09f-ba79c653ed4f,GHEDI,Florida
514,4e3ca238-449f-4fae-8834-160f96973c06,GLENCOE,California
228,6f7b8ab5-9223-4b69-a42e-7c0ca0f1f13d,GRAHAM,California
416,c5b11c49-4c6a-4fef-85e4-02009dc5481a,GRANT,Texas
274,3740b2d1-013f-4c24-80f4-eb03a844608d,GREAT BEND,Wisconsin
21,510834ac-915f-4ba9-abbb-5abb88734b95,GREENSBURG,Texas
257,054e7057-b373-4a31-9c01-efa15841b119,GREENSBURG,Iowa
262,cb58c26a-f8c2-45b5-ab9e-856e5794427c,GREENSBURG,California
29,9916a598-9fd1-4978-90dc-d114c9fd72db,GRIDLEY,New York
45,013ab5ba-26dd-458d-93fa-ec349a2b5583,GROTON,Alaska
575,193601e2-a12d-42e3-a47c-2991aa799c2e,Garching,New York
60,e7c52d9b-6690-42df-bb1c-c59a1222c5e7,Gardelegen,California
207,aa337088-6960-4c52-b135-406f2743485a,Garrel,Montana
364,222662da-af0c-412c-be03-0b34a891d02b,Geiselhöring,Washington
995,7d36b69e-6658-487b-814d-d7c2f77e2933,Gera,District of Columbia
949,4218028e-b8ee-4e84-add0-de76426ef9d2,Gersthofen,New Mexico
962,5d0cd596-88e2-4507-9b89-cc6c94ac5716,Gmunden,Florida
313,770355d2-4a91-456a-88be-625c715d1d21,Going am W.K.,Missouri
673,4f2494f0-5926-4f3b-b5fe-de027ff6a177,Goslar,California
661,4e73d391-cf66-4b2e-baa9-cc6df50ca8d8,Grafenstein,Florida
65,35bdeb80-87d9-43f0-8ad1-d394eafc24e5,Graz,California
993,790956be-8ce0-48ca-8794-572a6090417a,Groß-Umstadt,Michigan
663,fcae1e53-f312-4fc3-82b0-762e6c5ef844,"Görlitz, Neiße",Florida
7,7b39eaac-db88-44d3-b216-6c3ddf01aa93,HARRISON,Kansas
707,36926cbe-f193-4089-a757-f52f394b67fe,HARRISON,Florida
49,32cfab91-65d7-4afe-a7c0-239257dfe2de,HAYFIELD,Colorado
399,92090e03-d36c-4f8d-8ec8-84c4aa266f91,HAZELWOOD,New York
386,f52fb53d-3ce2-46c0-a6dd-0cc05d29f2b9,HAZEN,California
960,e2d8421c-00ca-4b1a-84e9-700d9bbb1405,HAZEN,Virginia
751,d7bfe5ef-7d02-447f-bac0-43de49b813ed,HENDRICKS,Florida
97,911adedb-3f4c-4b56-93a0-07f68a6bfae0,HENRICO,Massachusetts
111,42573aa1-f8d5-4ae8-bf36-06b812e0907c,HENRICO,Florida
402,327a2f20-d408-4ac0-aace-4ef0f85ff238,HENRICO,Alabama
538,cd4358ad-dfdc-4235-8972-410e3e0b5e3f,HENRICO,Washington
713,fbd314a5-7ca6-4f01-8e58-0dbb30bea58d,HENRICO,Missouri
1004,80fc4d60-84c1-4193-9917-76ab1dd93f31,HENRICO,Indiana
677,f772698e-2eff-4fb2-b5c0-eed2be2929ee,HEREFORD,Ohio
181,020922d6-be8a-4a6e-8dc1-50bc57e7743e,HERMITAGE,California
349,cbc9e633-3372-496a-ad8e-ff7a3e619a19,HERMITAGE,South Carolina
350,6648ead5-e12e-4532-8fcc-4d57b00b5e7d,HERMITAGE,New York
558,a0728b2d-149a-4715-98c3-252cd96f9c4b,HERMITAGE,Indiana
607,450a3015-f482-4465-a150-780b4c0a1e04,HERMITAGE,Arizona
810,3ed640b8-853a-4821-a23c-92320508e3d2,HERMITAGE,Oklahoma
861,09967933-3112-47b2-bc98-65a211def331,HERMITAGE,Florida
109,dc4a9e68-70a9-4d51-996b-31dd705a0f07,HICKSVILLE,Missouri
820,979b5e55-1fe5-4dac-80af-04c7e9e0b64b,HIGHLAND PARK,Florida
294,ff02e209-76fd-4d6e-8713-dbd1f4e67097,HIKCSVILLE,Oklahoma
1017,f64ffcb1-ef8c-452d-b6c3-d4c537102803,HILLSBORO,California
743,7002d76c-dd09-41e7-8c96-b5bae8c408fe,HOLTON,Texas
865,a33b3350-dc67-4b9f-b87a-6d7094a55241,HOPKINSVILLE,Maryland
454,663dc9ba-f24b-4da3-a1bc-e0df89313add,HOT SPRINGS,Florida
481,3313418c-c041-4cd5-9743-9c647910ac61,HOT SPRINGS,Indiana
444,8d459977-f613-4a4f-80fe-5a5c63c4e7b4,HUGHES SPRINGS,Texas
447,b3e73309-1418-42a2-a7ec-3a91fa7fc3f5,Hamburg,California
459,49f0bb38-9132-495d-85d3-be91d7f6067d,Hamburg,New Mexico
789,645d45ce-a08a-4d41-9d53-a5707f9dd90c,Hamburg,New York
908,981284cc-6096-4654-9a3d-564b618d6d2c,"Hamm, Westfalen",California
817,bce38c57-cef0-4cca-8999-b021a4e56f26,Handenberg,District of Columbia
79,82f14afc-1fa6-4458-a07a-7b0fb5680beb,Hannover,Kentucky
769,1ff1430f-3e5e-4ec1-804f-d8841e0fc10c,Hannover,South Carolina
756,bd2676c1-f253-45c4-9f07-dcc65ed16410,Heiligeneich,New York
13,8f71cd7b-c9b5-4881-a8ea-936768f2f919,Hellerup,New York
620,8df4a84e-dcf4-4eb8-a965-eada36c40d8d,Helsinki,California
8,aa5348cd-e869-4fcc-8e9e-a50933f66767,Herne,Georgia
639,26fc40b5-f445-49e6-864b-5d11999e74aa,Herning,Minnesota
894,601c8bd1-ac69-4b75-acd4-9fab946be9d5,Herning,Oklahoma
86,8e6ce6b9-03f7-41f7-9caf-a7e0c086c3c2,Hittisau,Alabama
142,be449bc7-c169-45cc-bca3-4f463e54946c,Hopfgarten,Texas
61,d131905d-f259-49b8-b944-c741567fd26c,Hünfeld,Florida
406,45c42d79-f9f5-4bc8-9ddd-afc0f12d5deb,Hüttau,Tennessee
128,cc3d59a2-8cea-4ea5-99ac-83a8cb7b4b3a,INDIANA,Georgia
809,9a46461f-ca70-4ec4-8597-933144f82057,INDIANA,Florida
145,2b77382b-5ab9-4b1d-abea-c02d8305c8dd,IVA,California
835,5c9c7dfc-48c5-458d-9ae9-e195a8d69d7c,Immenstadt i. Allgäu,Connecticut
182,997a853a-9cc5-4e6c-9f0a-0e5a777b548b,Ismaning,Mississippi
57,c48dae5e-99aa-4898-872e-5941827696aa,JACKSON,Texas
222,4ed190a8-7719-4253-ace3-7414a6c98ec6,JACKSON,New York
328,71a62cc6-647e-4646-8cd5-bc9468f18ce1,JACKSON,District of Columbia
345,131581b4-daee-49eb-8d15-0ab69607d926,JACKSON,Texas
499,c7ed091d-d656-46c3-abcc-f74983cb99a3,JACKSON,Kentucky
139,59147354-abac-4eb9-91cd-5050a5b05485,JASPER,Oregon
143,9305c174-817e-4c7b-8b9e-5c4b7b8d1f56,JASPER,District of Columbia
745,937564a3-3d6e-4df8-94d4-648e0dd34c1d,JASPER,Georgia
587,0c73613e-369d-465c-a431-53e1b35bbbb8,Jever,New York
166,bb813a4f-361f-449c-be2a-9984cfd91fdb,KANSAS CITY,Nebraska
185,94916917-05a3-4999-8f0f-37f146369c70,KANSAS CITY,Iowa
469,18ce4622-a961-442d-a083-736bd106e3b7,KANSAS CITY,Alabama
668,f8aa3745-eb12-4a19-8a67-fd047bc49da4,KANSAS CITY,Ohio
775,8d303ab8-9a16-4a33-b248-2af596704851,KANSAS CITY,Texas
854,7c3a3fbf-b516-4cfb-b239-6bfbe7df5f96,KANSAS CITY,Tennessee
941,53553dab-670f-42f9-87d5-49322ceae969,KANSAS CITY,Arizona
957,e150cce1-af83-4aac-8bff-6fd53f7b84f0,KANSAS CITY,California
964,22bc6530-f0f1-4086-9ff6-21985d29d4b7,KANSAS CITY,California
72,459b745e-31d1-4e33-b9da-6e7961051940,KEENE,New York
135,29bd28bc-7194-4042-9d35-ce182397b563,KINGFISHER,Nebraska
720,c8542d44-9b9a-4297-94d2-110ba4d0ead6,KINGFISHER,Massachusetts
838,7924fda8-5da0-4816-8ab4-e7633c399505,KINGFISHER,Arkansas
702,6f212930-1c23-4d50-9a69-3e996da166d8,Kapfenberg,Louisiana
968,ce1d932d-a77d-4d88-bc9f-c276f4383439,"Kassel, Hess",Kansas
583,c3082b40-5a2f-495f-ab75-f854c09dd5a0,Kauno r. sav. Kumpiai,California
154,cf2300b5-a538-41eb-b3f8-14f6d613e0fb,Kildare,California
1010,83f2c172-57b6-4450-87e5-8932921c1293,Kista,Texas
566,980bd368-d771-4891-98ba-857648a28a39,Kitzingen,Wisconsin
898,f8a6e94a-3405-47a9-bfca-c81b9b2f5400,Klagenfurt,Florida
812,89ced474-dfb9-464f-bfcd-13cf7074c041,Klagenfurt am Wörthersee,District of Columbia
604,0fe41eac-b28b-45f4-9ce7-ecb466ef306f,"Kleve, Niederrhein",New Mexico
502,5a4b00a4-c056-4201-be03-5e99f1082848,Kongens Lyngby,California
14,7548446b-f3cd-46c9-9b0d-2fe88c36020e,Kornwestheim,Missouri
237,de69f5de-6724-43eb-8860-8797cfbb4b87,Kusel,North Carolina
542,d514480c-3459-44a4-9e61-509c3aa88d39,Köln,Ohio
461,ec3c0a94-7169-4040-8cba-5baea7b0bd3b,Kössen,North Carolina
947,4ec1f62f-7b46-4404-bf25-cea4be3456ae,Kössen,Washington
632,ce560861-d159-4f35-9ae2-7a47840775f9,Köthen (Anhalt),West Virginia
919,0760a003-6031-4305-b5fb-1c1cbf26b459,København K,Georgia
928,d7a776a8-5690-4665-8845-ed875b4b2a7a,København V,California
987,5e2a0e1f-9e77-4b99-ac9c-bae009ddcb12,København V,Florida
822,d4a3160c-ced6-4643-8444-b753243e63bb,Künzelsau,California
994,42b53470-ef1d-4231-b40c-046a3fb4f22f,L' ALCORA,California
42,f089fa38-0702-4e6e-b6c2-f97c9f580bf1,LA VALL D'UIXO,Pennsylvania
240,d0c0959b-8079-433f-af60-31dc1e455339,LAFAYETTE,California
296,7292cadf-359e-491c-858d-035d937d7e40,LAFAYETTE,Alabama
973,aba269f6-1441-45e2-8501-dc6c402e314e,LAIVES-LEIFERS,Idaho
341,857205a4-cd86-49f4-bb03-ee71da574ff9,LAKEWOOD,Idaho
489,ea7f13c1-9b46-44db-a774-1630c5d4a832,LAKEWOOD,District of Columbia
507,a662f7c1-8111-43b2-a256-8948cfb1860b,LAKEWOOD,Maryland
511,ac2fa337-28f6-4114-998e-a31df16a79ec,LAKEWOOD,North Carolina
588,59aba760-8653-44dc-bd3c-e5b285470751,LAKEWOOD,North Carolina
653,e4cc7e9b-65f7-46b5-bfbf-8e0321e40411,LAKEWOOD,Michigan
874,cdfda5fe-3549-4ac4-aca9-9246bb28442c,LAMAR,Minnesota
569,c7ed0b26-fa6a-4159-8ae3-d5c23d63ee49,LAREDO,California
308,0f8d7b2a-e216-4562-b415-dfbe9498deea,LARNED,Michigan
505,8ab21f3f-a60f-47a2-a61e-01265b871a92,LASA  -  LAAS,Virginia
549,1155f94f-4925-444a-b507-40b806db8f62,LE RELECQ KERHUON,Pennsylvania
546,d7d7469c-d2e3-4405-a4f2-c5198939dc64,LEE'S SUMMIT,South Carolina
108,d8b4620e-363f-4abf-b83c-56a5f8bf8e1b,LEVALLOIS PERRET,California
62,b7b1ac8b-d799-4f70-b7ad-7fbdab5171d8,LEWISTON,Ohio
503,fd7d5c9e-3e3c-46c7-9b88-8d6e836026f8,LEWISTON,New York
727,86ce9445-0773-44b6-8fd0-9f7656ff0390,LEWISTON,Florida
896,20be5592-01c0-423d-a974-21a632225213,LEWISTON,California
657,05a7455e-b693-462d-8d03-4c61966110b6,LEZZENO,Texas
1008,9d27b216-6120-4277-8b1f-a85dbeafec06,LILLE CEDEX,New York
455,a2e874b3-232c-46a9-b05e-4bcfa4438296,LIVINGSTON,Minnesota
202,4a52062c-8348-49d6-9873-c7e7e4cc18fa,LODI,Florida
371,208f7cde-cb6e-4b7f-b902-12257653d6b3,LONOKE,Washington
628,a94067e3-cefc-4dd4-99e8-bd2d897eebab,LOS ANGELES,Minnesota
629,2bcc25ae-a553-47ab-9eb4-b1f442fcf0ae,LOS ANGELES,Mississippi
767,ca751850-5e40-4630-8149-5a29931e348f,LOS ANGELES,Washington
857,d1586263-c213-4c7d-a6d7-ebbf2e1d600d,LOS ANGELES,Texas
889,b370d07a-1285-430c-91c6-521b1297b895,LOS ANGELES,California
380,20205a7d-727d-4301-8f66-8a9e95219d4c,LUBBOCK,Texas
722,851424e2-e2c3-42db-b0de-9580bc89a091,LUBBOCK,Florida
211,f7776937-b674-4fc8-bfa0-ccfe0b5cc944,LUXEMBOURG,Oregon
215,b9931c2e-ab34-4165-b04a-d0c3dba59a5e,LUXEMBOURG,Georgia
221,02c33da5-44b7-4841-bc6e-b7383a4c7d00,LUXEMBOURG,Florida
261,3b5b9696-19e5-4de2-a31c-500f7d06197b,LUXEMBOURG,Kansas
430,5fbe753b-da66-41ec-8560-de693ea949ce,LUXEMBOURG,Pennsylvania
466,f4055b50-f6c4-4a6d-8f00-6c68c0cec84d,LUXEMBOURG,Virginia
619,5222ca44-997f-4bf8-919a-41d3516d7983,LUXEMBOURG,Georgia
579,60055ed7-19cd-496c-bc58-8c9ee32dab19,LYNN,New York
842,0c49096d-0b02-4a26-b738-1c9f9442aab4,LYNN,Texas
664,ae52e40d-2875-47c2-b3ea-fc619403a072,Langenlois,North Carolina
553,7221ed4a-fa96-4a63-b29d-54474a9bb10a,Lech,Texas
924,ad2d3487-ca95-4e63-b398-94290664144f,Leer (Ostfriesland),Missouri
860,7ecb08d3-763f-4d47-a8ab-aecdc53f9dc0,"Leonberg, Württ",New York
252,575d6dc7-5798-4e4c-8c16-537683e5dcf8,Leonding,Connecticut
149,47d8eb15-1691-4755-8002-4874193e376d,Limerick,New York
280,134a48d4-25b2-4762-9ef6-82ba9bb36c38,Limerick,Illinois
754,4b578a93-4236-43e3-a5cc-0ede91c2d77f,Limerick,Kentucky
98,672687d7-00a1-4257-8cbe-a46a0505e9a8,Linz,Arizona
225,a4018051-d67e-4e53-beaa-99ee07c30146,Linz,Illinois
872,3b9b504c-df65-453b-beb5-a9f7beed3cc5,Lisboa,New York
230,82520492-4ee7-4c93-9291-1ca5218eda91,Louth,California
136,4b4984a3-6b15-453d-8441-b680a2c7cc1c,Luxembourg,Florida
945,cb1f498c-e05b-4910-aea9-37590e713e64,Luxembourg,Virginia
958,af24066c-861b-42b7-a45f-a203823b233c,Lünen,Indiana
287,b6551a7b-eb0f-4d79-939d-8b95245dfb0f,MACON,Virginia
412,0a323541-1669-4f60-9f79-11bcbd5e5978,MADRID,Ohio
355,328eae74-bfd8-4d89-872d-3e831a9ffe7a,MAGNOLIA,District of Columbia
930,5b67bc70-8119-435a-a072-72566db4360c,MANCHESTER,Georgia
438,a0d7d144-3b67-4151-945b-d601e85befcf,MARIETTA,Oklahoma
598,783dd15a-9912-4b94-97cd-2f144920cf74,MARIETTA,New York
279,6b443c3d-1000-4c2e-a3a0-a5011b0b1bdb,MARTINSVILLE,Tennessee
759,fb496847-57db-4089-b599-b10ac15d3f0e,MAZZARINO,California
306,86686646-ca82-4c39-b0e3-a1a124db409c,MCGREGOR,Alabama
263,cceafbc7-c3ed-41b6-a697-dd5608524c68,MEMPHIS,Delaware
467,436756e5-c6f8-4d7d-930b-14181e14f49b,MEMPHIS,Pennsylvania
630,ddec0181-e0a6-454f-947b-9a9ba258a5d5,MEMPHIS,Idaho
784,d13de7f9-aa07-4201-a94f-a2bf0ad3df53,MEMPHIS,Nevada
523,743004bc-e1f8-4fc5-9601-21052aecdb03,MENA,Colorado
117,8256df13-86f7-4977-bb98-8fb31393932a,MENDENHALL,Texas
441,4e5c5ac3-3bb6-4382-9c8c-df6da54b1ce4,MENDOTA,North Carolina
624,3fe999ec-d54b-46b7-9184-f6c04b03d3f4,MENGIBAR,Indiana
102,6f2e6ad0-c958-476c-967c-10ce4e3d1eca,MERCERSBURG,North Carolina
248,58f3b790-8480-4a49-8ae1-9166eaac225b,MIAMI,Florida
852,472960da-b5b6-4124-b039-1a690bc3bf3d,MIDDLETON,Colorado
38,9945f540-1ab1-4fad-bfa3-7a857adf713d,MIDLAND,Virginia
782,0c5438cc-8dfb-4898-b2ff-4a5403d27377,MIDLAND,Michigan
39,b7ddd68b-88a5-4c91-a7f7-98c7ab340555,MILANO,New York
47,2a5e6fe1-909e-4e60-b7f7-51230d62504f,MILANO,California
110,1feb0313-e1db-4843-838c-abfd261efbee,MILANO,Florida
131,f4d7995f-dc8d-41dc-b2af-02e4ac9509be,MILANO,Connecticut
134,63538b6b-5af9-4efe-9cb1-4e570894369d,MILANO,Kentucky
137,d7860205-5a43-445d-b40f-d085ebb70add,MILANO,Maryland
158,3fc00be8-1428-4f23-931f-5d4be72cb54d,MILANO,Maryland
159,18dc8e95-59eb-4b7a-88b0-c77854fb9b42,MILANO,Kentucky
178,c9cd3ce5-0432-46f3-9147-c89284232d9b,MILANO,District of Columbia
183,accc1945-c526-4558-b8a5-b6707c1cf6e8,MILANO,Ohio
198,20c63479-cfca-469f-a8bb-2cefbb82bc9c,MILANO,Georgia
200,ce0bc50c-1024-4cfd-8e97-4a7673baa5f7,MILANO,California
204,40f255a6-24b3-4fb3-9b51-50662677dd63,MILANO,District of Columbia
206,3aba2132-8dd9-4ef5-8811-501223c51019,MILANO,Florida
216,7831f042-8f0f-4680-8591-3c7f6cad72c6,MILANO,Minnesota
239,3d247077-b21b-40c9-b818-9b4f70a1daad,MILANO,California
243,ad4c75a4-960f-448c-9c0f-37121a6ae61c,MILANO,Illinois
247,63589abf-a282-4f7e-a8c0-1142dd963d52,MILANO,New Jersey
267,70f05bf2-2dd5-4b40-bd0e-da6215bcafef,MILANO,Georgia
276,92dc6074-8d3d-44bb-938d-2dc1205db065,MILANO,Virginia
292,324d90df-2c43-44d4-926c-dc848c58aec1,MILANO,Alabama
311,58a39a72-c261-4da5-af26-e10118694528,MILANO,Indiana
324,c47ef9bf-6d93-4a06-87da-517d42f06490,MILANO,Texas
346,9309fdf5-d64f-40d8-ab62-9b5ae48bc089,MILANO,Ohio
348,42c9594b-a239-4061-8dfa-989c13263144,MILANO,Arizona
373,8551f45a-bb5f-4933-8c04-8f7a01d17918,MILANO,Florida
401,3f1d29a9-3f3b-455c-a323-97b79683a769,MILANO,California
403,fc41ff45-ead9-4200-b6f0-a4a3c1adcab8,MILANO,Massachusetts
411,c606c386-798a-4a4b-aa0c-b369d2063397,MILANO,Arizona
424,7f85bf79-2754-4af5-a7cd-9e34981ba55a,MILANO,Kentucky
491,b3bd9217-3df0-413b-8355-48ab1b5957b3,MILANO,Kentucky
509,09f78cd6-f15c-4fc8-8254-b21ebe56df9d,MILANO,Florida
520,04dc2752-7db4-479e-bf1f-05bdfe83abce,MILANO,New York
521,e9c2d0f1-e85b-4359-be39-fcd0afed59cc,MILANO,Indiana
522,4001b1f1-1ae0-4d21-8ca5-2c64153b243d,MILANO,Alabama
535,62d53906-fe12-49b5-bc79-879d862da557,MILANO,Texas
559,da726777-c68c-446d-8848-f4382dd6c7d4,MILANO,Nebraska
574,fea59cf8-acda-43f7-a1aa-a5d79743c0d3,MILANO,Wisconsin
586,12215f9b-90d8-4e43-9a2a-9975d9da2ca4,MILANO,Tennessee
589,4003a708-87c9-49e9-8a8d-641d39a1f017,MILANO,Georgia
647,d11cc1b2-c58a-459f-81e8-40b5a07a30e3,MILANO,California
690,c9516e11-0bac-40a3-a109-bf311137357e,MILANO,Utah
708,1f35fe79-f0ef-4720-8a61-28aa9d3472e4,MILANO,Texas
732,82cf111b-1837-46dd-8ce2-b396ec194fac,MILANO,Missouri
737,3179f792-3b71-4d49-b512-be9141e53ed1,MILANO,Texas
750,24e52909-8bf4-41bd-b78e-cafc0ce7b206,MILANO,Pennsylvania
753,0988354a-6715-4be3-8047-fb17d8b27acc,MILANO,New York
792,313ed754-b02f-4603-b8ba-0baf3f2c0a56,MILANO,Massachusetts
829,b283ba8c-df42-4065-acb7-47933ebdea8b,MILANO,Florida
841,25eeb93a-f77a-475b-a807-ee30795d4195,MILANO,Texas
844,cc48013d-8c96-494c-89a0-b20941de290b,MILANO,New York
845,fa749a37-44f2-416c-b01c-ac8a6d8d9670,MILANO,California
864,3526253c-f370-4e36-81f9-706884e94b3a,MILANO,California
893,cf7250e6-ddbb-456e-807e-8d42c05f72b2,MILANO,Massachusetts
910,657f955c-a540-46d6-9695-da4767a5b454,MILANO,New York
914,6f352cf1-39dc-478f-a32e-c57a6b2f4284,MILANO,Alabama
950,1fca67fd-e0e8-464c-85a3-d720bc59aa75,MILANO,New York
969,b139c94e-806a-4326-bb42-95a322d5a2c9,MILANO,California
971,647cdec1-408b-4fc5-bbe2-acf566377d38,MILANO,Illinois
978,1e8f4b4c-2f82-428a-93f3-5519eb9a462d,MILANO,Ohio
1000,7d9e9ba8-1808-47cb-9068-bf1eb02b3d3f,MILANO,Maryland
1002,22f6f054-bd63-4ba7-a711-c97a6478f04d,MILANO,Louisiana
1018,d583d24e-d641-4b9a-b980-f98a25616d80,MILLIGAN,Kentucky
760,c442ee80-2c52-4e2f-90a2-0ee5d472ca00,MILTON,Kansas
77,7b9ceb75-a562-4038-8f7e-8cd2f70eb042,MINNEAPOLIS,District of Columbia
169,b8b24832-a735-44f8-bdb6-f1f0d5d8db17,MINNEAPOLIS,Florida
220,2d8398be-ee7d-4011-b3a5-5a8a9a3fa25a,MINNEAPOLIS,Washington
305,15811d2a-cbdf-4370-8438-23133e7cd41f,MINNEAPOLIS,California
353,90a2adcd-31c8-45a1-a5cf-43be4d013f60,MINNEAPOLIS,Georgia
368,2886d4f3-f622-48a8-aac8-41f67e25be8d,MINNEAPOLIS,Florida
390,471e147c-c589-4786-b7a2-f0f7f777c469,MINNEAPOLIS,California
543,c35b48af-e93d-4225-814b-f938673c10d0,MINNEAPOLIS,New York
662,fb97e5c2-b7ee-441a-bf7a-463a76a4eac2,MINNEAPOLIS,Maryland
679,c6276567-ac9a-487a-a131-953cef981fce,MINNEAPOLIS,Texas
730,24756889-c53e-41ac-9ea1-71a3b40ef0c7,MINNEAPOLIS,Ohio
740,c7f47648-4003-4bb1-9753-e00d9afcf0db,MINNEAPOLIS,California
794,ba62a590-b96f-4168-ab1c-3be8308c687b,MINNEAPOLIS,Texas
795,574b122d-5514-4906-967f-7a5df872ec91,MINNEAPOLIS,California
942,3eaa1222-4c40-4d71-a7ef-629ea460ba03,MINNEAPOLIS,Arizona
943,e7495b4f-8d9f-437f-9ad0-29dece21a509,MINNEAPOLIS,Kansas
980,2b0de104-50d9-4423-ad96-de8c1fc740e3,MINNEAPOLIS,California
443,7483308f-885f-4a01-bc6b-f4598ac51ecf,MISSOULA,District of Columbia
75,83e92aa3-3af2-4026-8798-daf7d42959e0,MONACO,Texas
498,2dac2790-3d67-4f0e-be68-585789467220,MONACO,Florida
816,b80071bf-707a-419d-a28e-57a1591f7da3,MONACO,New York
939,cafbc6fb-5bbe-416b-b237-f9c0b4e7610f,MONACO,Texas
63,04a664d4-0ce7-4382-8e2f-8e609584b3b0,MONETT,New York
582,3622bf9b-c135-4773-973c-05f6728e8405,MONETT,West Virginia
701,4cb238eb-c845-4ba3-81c3-361d15c39416,MONETT,Colorado
545,c05e2eb1-f261-480d-8eff-12fcfb38c828,MONTEBELLO,Georgia
1001,025e7465-d093-45c0-8d19-904bed200023,MONTERIGGIONI,Alabama
76,1e0ebb42-0134-4ed2-8de1-edaed5710d03,MONTROUGE,New Mexico
88,fa9efeb8-be29-4889-ac12-0ac5fea05a7b,MONTROUGE,New York
160,a5e1fb8b-59dd-4d67-85a8-e2d65058d7c4,MONTROUGE,Georgia
272,effb72b0-3b3c-4ed6-b4bb-4ee68ee887fb,MONTROUGE,Washington
856,ff4b8cc1-9439-45d0-97d9-8acff036b173,MONTROUGE,South Carolina
979,c321879e-aa77-4238-9daf-71edb22c06d5,MONTROUGE,California
235,78814368-80f2-480b-a20d-5367215c3890,MONTROUGE CEDEX,Texas
250,00cdd493-d972-43f6-a2ca-d5e99b814f7e,MOODY,Massachusetts
678,f46c178c-a680-4936-b2ed-a647f56f2802,MORRIS PLAINS,New Jersey
33,ba107815-587b-49e1-8c8d-a3346a120e1d,MOTT,Texas
4,f619d4c9-b373-446d-b99c-f298bb001b95,MOULTRIE,Louisiana
53,24019a39-da6e-4d02-a6bd-db8b1ea28617,MOULTRIE,Ohio
833,8b277938-8c62-4114-a716-b1146dc7ad2a,MOULTRIE,California
849,8efb4005-d948-4ea4-95e9-506321c8b957,MOULTRIE,Illinois
318,61905a5d-563a-4a38-a9dd-acba373b359e,MOUND CITY,Texas
226,348421d2-6b43-41b3-9136-16aa4cff4a5b,MUKWONAGO,Texas
114,ccce7748-1038-4063-bca3-af61c81ad3b3,MUNSBACH,Ohio
793,975916c1-f416-4f7c-b6ee-7f6b05e19ffc,MURDO,Nebraska
605,d97f1a8d-6f06-49c8-a3cf-3c1e911d9f65,Madrid,Florida
621,cea90e7a-81de-4014-8970-6366d918b055,Mainz a Rhein,Kentucky
234,a096ebfc-eb63-4b1b-86ff-8fe9a141ef1d,Marktredwitz,Georgia
888,278cfe86-09af-4c8b-87ad-6e868912c04c,Matrei in Osttirol,Texas
199,e9f65fa5-dfdc-4505-905e-beef8e48636c,Mayo,California
724,406ecacd-52b8-4d24-ad39-aa9982381ca7,Meath,Texas
266,8753ffe1-d3b4-413d-ae46-573ad1d5d405,Memmingen,Florida
256,e415c02e-b3cd-476c-9990-7e5d0abf3f39,Meschede,Florida
124,88ece5fb-c37e-4618-8d57-4450d4b6b62d,Mittersill,Illinois
393,3301e113-31ec-4ea9-946b-66981d7f3305,Mittweida,District of Columbia
671,8e586cf0-753d-46c1-ae6c-2b0ab81bf984,Mönchengladbach,California
236,a4479e1b-1974-4835-a960-7dc2000c780b,München,North Dakota
601,7873e3e9-29d3-4ac7-a229-3d754f5a3d6c,München,Michigan
786,3510281c-6da5-4f75-bddb-91c5908ee77b,München,Florida
613,fb02c4a9-54da-49d9-81a2-0bc3dc660cea,N. CHAS,Louisiana
164,17b68f59-8b6d-4790-9915-7d5f9b251162,NANCY CEDEX,Oklahoma
179,f86c4dfe-7aa8-40a0-80cd-a85faf44dd1f,NANTERRE,California
333,df5cc27a-d8e1-49c2-841e-bee537038554,NANTES,Illinois
172,64f4dd91-46c4-4fbd-86a6-a9d106ea9368,NANTES CEDEX9,California
357,ff54412f-2ef5-4e80-afd5-af56586ea984,NANTES CEDEX9,California
85,b845563b-8bf9-4c4b-b66b-1f95b1068395,NAPERVILLE,New York
188,a8d81f55-3270-4bc1-880e-7be5e4c94351,NAPERVILLE,Illinois
217,47da48ae-3b47-4f9c-9a5c-6f89a5f6cd71,NAPERVILLE,Delaware
387,c4f9b815-dd11-422f-a2b1-bed7c67fd1ff,NAPERVILLE,Iowa
468,1fd9a893-e220-4c56-a289-dd6e4f90ea00,NAPERVILLE,Minnesota
716,9c4572be-a96f-45e3-995d-8847bf163699,NAPERVILLE,Georgia
747,d400bfe8-9448-419d-aa0d-e1ef62d4819e,NAPERVILLE,District of Columbia
832,2e5977ec-45e4-4449-9e6d-92076c49790b,NAPERVILLE,Washington
907,63b0c7cc-0c85-443d-9add-2cccfd50e4a1,NAPERVILLE,Louisiana
746,044d4206-0c25-47f9-92a9-7082b0ee1a6c,NAPOLI,Florida
948,66fcee26-69ba-4549-a174-46cf15a1632a,NAPOLI,New York
127,9688f00a-7f7b-46c9-81cd-227468cebb8a,NASHVILLE,Florida
192,32391392-5685-4146-b8cd-191dea7f6692,NEW BRITAIN,New York
382,f3cfd6c9-4cc2-4647-b25f-28daa875fa37,NEW BRITAIN,Virginia
24,311bd1e3-ab74-49fb-8692-5c6786edf303,NEW CASTLE,Ohio
28,48ec496d-d363-4a98-8d79-84acb444766e,NEW CASTLE,Nevada
297,d4b6c29f-c3d1-4267-9d9f-26d8d4584bcb,NEW CASTLE,West Virginia
427,bda2b478-882b-4fa1-9182-37cc1630d871,NEW CASTLE,Louisiana
446,f660b946-4e59-4d7e-a367-860a411011b1,NEW ORLEANS,New York
642,2028b1c2-1b33-459f-92a7-3e92172b3a98,NEW ORLEANS,District of Columbia
91,bc59719c-73f1-4443-bb9c-fbadee8a5a98,NEWARK,Florida
273,f5e6a6e2-7f65-45e4-912b-96d65f720e5b,NEWARK,Florida
665,6f2ee9eb-45f5-4ab7-a55d-c8356e1b710d,NEWARK,Texas
516,7b75b51c-eaba-4623-a6a9-0c3b2a2f00de,NORTH CHICAGO,Virginia
112,1f1e94e2-acc5-4a51-8283-f2807aa2217f,NORTH MANKATO,Massachusetts
788,facf3da3-e3fa-4197-a846-48fb09ef87a5,NORTH MANKATO,Illinois
286,bd33e45b-7b92-4579-bfcd-e1a8844bf922,Nasielsk,Virginia
87,ee09d128-bbbc-4d52-a709-7382885c88dc,Neuss,Texas
758,a77a88c2-3089-4703-abd0-13e49f85bffe,Nicosia,Florida
529,3bd8972b-bcb6-4775-85bf-e17f652b2d8b,Norden,Massachusetts
132,9f094806-ad8e-4454-b55f-9673b917a480,Nordkirchen,Georgia
534,381e0516-9789-47e0-b770-5c467f415401,Nürnberg,Hawaii
650,643b4fd9-4183-477a-855a-505d7c9b9c15,OKLAHOMA CITY,Florida
725,6875f339-8483-4ddf-bdbd-a1695bc83246,OKLAHOMA CITY,Texas
517,78d205ad-f6f1-4add-b30c-9f964ad32826,OKLEE,Pennsylvania
93,1d4751b2-6665-4e21-8c6a-ecb20ef71c74,OKMULGEE,Utah
877,cb3ac6eb-193b-4612-bbba-e731abb52f65,OKMULGEE,New York
555,e3532cf2-7366-4c83-a350-fa9feab0cede,OLYMPIA,South Carolina
965,5f5e1925-b5e5-4661-9ce1-99e1f7e0deb3,OMAHA,Nebraska
329,6ebf5afa-00c3-47e1-ba7c-c21006a73361,ONTARIO,Virginia
414,6b003552-6855-4d6e-8609-0e3759d6c778,ONTARIO,Arkansas
755,991a80b6-2102-4b53-b023-4b875f0abb79,ONTARIO,Ohio
851,60705561-1e05-432a-8c12-703ebdde3c07,ONTARIO,Florida
715,d63900ff-48d3-451c-bd8c-b291b805505a,Odelzhausen,District of Columbia
409,a6ba4d42-80fc-4aab-bdba-8a365dce442a,Oldenburg (Oldb),California
797,04701007-fa18-430e-a157-e787767e7722,"Olpe, Biggesee",Florida
440,d1d34c08-3a34-46a0-89a6-5c5599deca5a,Ort im Innkreis,Iowa
473,9f5b9930-90cb-4d72-83bf-12395491e663,Ortenburg,Florida
95,a9d427ce-346b-4622-bf1e-71d8bd4d9b43,Orth/Donau,Maryland
541,6de048d8-cb04-4e23-90ca-d2764f390981,PANAMA CITY,Minnesota
54,f6817881-d619-4137-af63-c18348ab67df,PARIS,Pennsylvania
83,06f162f6-a592-4233-b665-04409f39aae8,PARIS,Minnesota
116,8795059a-cc28-4ba8-8c7d-da7e4769d2bc,PARIS,Missouri
290,dbc4433e-2caa-489a-9b88-7cc0184e69b2,PARIS,California
428,7791f39f-0aa5-42b2-8784-4460bd0950b0,PARIS,Pennsylvania
465,c7b6dce2-7cfb-4948-9c22-c2a383d506e0,PARIS,Florida
536,1263b959-fec4-4e36-8dde-b753a1cf836e,PARIS,New York
748,cc49823f-cbb1-43cf-b51a-b40647512514,PARIS,California
813,29bb98bc-52a1-4aa0-a081-beee5abbc9ec,PARIS,Oregon
828,88f588bb-83db-49ad-a4e6-9fc393a5591d,PARIS,Missouri
834,c9c0f016-63b0-4267-b5d1-046542ba9d5e,PARIS,Kansas
883,ed3b449a-6768-4f37-b7ad-e94d6fd008e0,PARIS,Florida
884,3f2841ae-4e47-474b-a765-1e8f2d731118,PARIS,Georgia
917,aad8657d-6172-4030-9b76-73ad6328df8d,PARIS,Montana
959,03ede9b8-de7d-406b-80f8-3dd59aeb42ee,PARIS,New Jersey
609,e2319dd1-5313-48eb-9889-d3e1d7cef0c1,PARIS 07SP,Texas
9,0ed71cc8-afbe-4feb-91af-88351cdbf944,PARIS 08,Illinois
310,baec190e-b9e3-4c35-827a-4601f9778403,PARIS 08,Washington
363,7cf2add5-9d2a-413d-af8b-4fe5671e8e2d,PARIS 08,California
526,d82c0bc0-ac63-41d2-817f-3145d80a6305,PARIS 08,California
906,48ea8753-9677-4fdf-8c29-3e235bc8e253,PARIS 08,New York
383,994cb13e-df83-4bdb-a7d2-20140ae0164f,PARIS 09,Kentucky
480,7b0011b6-58d0-4cf2-839f-0314bac747c4,PARIS 09,California
122,375f510c-abe2-4190-b735-b57c30dc3c8e,PARIS 13,Nebraska
692,739afc3b-a0e8-4107-99b2-3320c8fc0a35,PARIS 13,Pennsylvania
981,275b9a17-2352-46dd-8bcc-1631ae45cd8a,PARIS 13,Texas
984,1ee30ef5-e928-4f54-8cac-cf612f24d970,PARIS 13,New York
731,dc6fa708-9786-4f73-bc43-aaecd89f5abb,PARIS LA DEFENSE CEDEX,Florida
778,02dc705a-2888-4ba4-9470-74f651975488,PARIS-LA DEFENSE CEDEX,Texas
351,f5600ebe-7749-4d1b-9058-0990f6e0981a,PERRY,Arizona
175,09089635-a70a-46e4-a920-283b359432a1,PINE BLUFF,California
195,3989bf35-94bb-47bf-bec9-f46bd5886fab,PINE BLUFF,Utah
344,e4667d48-c5de-47e7-8c56-d7b1c4880cd5,PINE BLUFF,Minnesota
78,f58a5818-f1d9-41f2-907f-9e5f30e87739,PINE BLUFFS,Georgia
74,e07ad007-3912-41f8-8105-4f2b68083f46,PITTSBURGH,Pennsylvania
268,b9dee990-beb4-4d11-878a-1dfaf8bb2222,PITTSBURGH,Alabama
298,ab21801a-8f03-48da-a53c-6ff55996646a,PITTSBURGH,New York
452,fcc6b2fb-ab18-462d-9d10-829ad7acb136,PITTSBURGH,District of Columbia
791,0983be77-bd61-4e2e-a613-5fd21580aa40,PITTSBURGH,Texas
811,2da80e98-3eba-4462-b911-73b93c2cc34b,PITTSBURGH,Kentucky
819,14a57b2c-ac7d-4e9b-bfc1-29a088cd425d,PITTSBURGH,California
848,de01951f-f734-4410-ae99-624b88635793,PITTSBURGH,Ohio
932,89ae54e7-e8b6-482a-8e18-f80508760d86,PITTSBURGH,Texas
1011,25cf5d8d-66ec-4a20-ad12-e67682e08fc6,PITTSBURGH,Florida
96,25b8c8c7-2f49-49f9-b1ff-8bc9a5990d62,PITTSFIELD,Pennsylvania
385,a1526a1f-d060-436c-9ccc-e1aa4eff8604,PITTSFIELD,New York
710,7c3b2b5b-0135-4557-a85b-e3fb245a8f13,PLAQUEMINE,Colorado
162,7fa0c1cb-d860-40ce-af84-ec4e572da3bd,POISSY,Tennessee
808,0a90e169-da86-40a9-98b6-b523fe81e033,POISSY Cedex,Illinois
645,15784f62-3f4f-4392-a02a-e826ae314d57,POJANA MAGGIORE,Washington
572,bf9e822e-2d5e-480d-836e-d5add18e8346,POMEROY,Alaska
492,f38ce9c6-01b7-4672-affb-4f1698de65b5,PORTLAND,Washington
738,5c410c92-7646-403f-965d-b63ea6369142,PORTLAND,California
880,29e4e3b0-2435-428d-b771-5cf22420b7fe,PORTLAND,North Carolina
525,1aba6bcc-ecbc-48d6-b0c8-f5be5b292621,POSEYVILLE,New York
123,2e483349-84d5-4af9-8204-6b188790751b,POYNETTE,Texas
69,75101407-ca2c-446a-9279-bedd8893b7a1,Paderborn,Florida
295,0d0dde08-cd36-4c2d-bcca-31157b4cefc5,"Petersberg, Kr. Fulda",Pennsylvania
581,35be1889-bdb1-448c-a4f0-96cef4113942,Peuerbach,Ohio
264,7d1940c6-5f72-4aaf-985d-a8e6c531c938,"Pfaffenhausen, Schwaben",Rhode Island
901,a7f51335-b656-4b2a-9ec1-29a89ac9c7e9,Pinneberg,Florida
187,36538488-30df-418c-af11-735e65b64ba1,Pirmasens,Wisconsin
953,df8fbad2-a5ef-42c6-9680-5fb72ac6e274,Pisz,Tennessee
219,042ef86f-37d0-4f3b-a557-16434193c5ee,Polgár,Alaska
129,09ff46f5-7fa4-4e6e-a66f-99c8498b0ec2,Porto,Connecticut
912,b9a567c3-3bc7-44c9-8410-7a86bdba10ea,Porto,Delaware
1006,76b411fb-279e-4980-91d4-42f04c171857,Potsdam,Pennsylvania
827,9e3595fc-4915-4ea0-9b7e-5f90b3b9867d,Poznań,Ohio
881,2e899a5a-4898-4b5d-b368-1b0b74d6f627,Praha 1,Georgia
232,dae22c2c-4db8-4299-8602-9f3c0a4ec7e8,Praha 2,Colorado
419,4139d6fb-b420-4276-a15e-3c33c85b43e4,Praha 3,Alabama
539,f3c6da15-2480-4d96-a54b-adad1f873ac6,Praha 4,North Carolina
500,e5dbcf28-8c93-448e-8473-32d8d3ed4195,Prenzlau,Arizona
590,fbbaf271-b4dd-4ec5-826f-5265d47f2d6b,Płock,North Carolina
152,a0cc819b-00f6-467a-a504-2067e87bd7b5,QUINCY,Illinois
550,e13c2158-ac00-4ade-aad2-327217a05c93,RAGUSA,Virginia
551,cc869c4b-d7a9-4aef-a44c-074093e799cd,RALEIGH,California
687,adef07d6-abac-4d2a-afed-bc5ef8ad97a4,RALEIGH,Washington
990,e7ca580a-9132-43c4-835b-56d369039ec3,REGGIO NELL'EMILIA,Hawaii
115,2533187b-3ed0-48f0-8305-397b96cdde03,RENO,California
892,fceed1b2-644b-49c7-a9cb-b4a92633d32f,REYNOLDSVILLE,Georgia
32,6235aea3-eb74-4cad-9e13-85d4f182e981,RICHMOND,Pennsylvania
51,4c7c1ba3-37be-4337-ad6c-03a9301f18fe,RICHMOND,California
59,1a9eceb5-d2a9-487a-a313-89991fdb7ab9,RICHMOND,Texas
84,f7a996ff-ab25-4819-9352-c9e9a040f7d1,RICHMOND,Utah
177,910edcb9-38c9-4d93-96dc-768f6ab8ece1,RICHMOND,Tennessee
210,d15b0444-90e7-429a-9642-cc7f0f09b618,RICHMOND,Texas
251,a6847f81-493b-4111-99b6-4350f7ba1aea,RICHMOND,Ohio
319,6ccf7399-c818-4af9-ae1b-6f7deea1a8ae,RICHMOND,California
320,92112d10-6d20-4f11-a9bc-834272efb7c1,RICHMOND,Florida
362,879315e7-7bdf-4610-82af-d55c59761905,RICHMOND,Georgia
425,8a83b64b-39d2-46f6-8194-797eea63a8ef,RICHMOND,California
479,c46969fc-e138-407c-9210-c987021d5840,RICHMOND,Nevada
482,b66f39f7-9315-4310-adc4-d7d5eb595276,RICHMOND,Alabama
487,b91b119e-34dd-4004-a865-a173acac9656,RICHMOND,Texas
512,c27a5f3a-d386-466e-9ebd-ec648d984ab5,RICHMOND,Missouri
564,5a1fc6a1-1610-4cf4-8664-7fc8789395f0,RICHMOND,New Mexico
704,21fb960f-7a2f-4ffc-b192-1e2e0c2be8f5,RICHMOND,Minnesota
705,bff0c9b3-3663-44a8-a435-08780e2871cc,RICHMOND,Ohio
796,9bfcde45-1495-46f3-9e59-534d4180bb13,RICHMOND,Texas
802,a7f462f1-5ffa-43df-a645-39958412268b,RICHMOND,Connecticut
886,5d509d65-509a-4b1f-a68a-4a9106c5fe0d,RICHMOND,Oregon
918,bc45f6a0-99ec-469e-bab9-94576790deb3,RICHMOND,Vermont
966,dd148a5b-72a5-4bb7-8776-b110340741b5,RICHMOND,Texas
1013,4c1d08f1-dd5d-4f84-8ca0-08db6666c25a,RICHMOND,Texas
568,59dbbeb8-96a1-4cea-8419-21e5ed606ad5,ROCKPORT,Texas
241,a2ed1f08-f8dd-473c-ad7b-aed7e44820a1,ROLAND,Kentucky
48,bb48e3ef-641e-4464-8364-493602b5eda6,ROMA,Texas
194,977b0468-9502-4e60-865d-41d284e55126,ROMA,Colorado
314,41845df7-ef76-4b48-be44-840569ebafd2,ROMA,Virginia
540,ed93d899-7bcf-4551-88cf-762463122fef,ROMA,Kentucky
615,58ee64c1-aaf5-4f31-b322-d654af4ad9de,ROMA,California
696,939a5c2d-0b1a-4e98-ae62-d50bf0ad86c0,ROMA,California
771,14c94856-18d2-482f-bfa4-1eea3491c877,ROMA,North Carolina
982,edccb212-4b89-46fd-a897-266d7b8862c1,ROMA,California
991,2058c9b0-df30-41f5-8b84-ea07649653a8,ROMA,Pennsylvania
352,87b309e2-409e-496d-a7c0-72a4e6f85c1f,ROSEMEAD,Georgia
26,180246f1-c648-4829-a568-2627d5acfb05,ROSEMONT,Virginia
339,6ea86026-42ef-4b52-a6a0-cb26dda6ac71,ROSEMONT,Colorado
370,29c729b0-dc6b-4ba3-929f-56c67e78a9fe,ROSEMONT,Idaho
825,3a9ac537-7ef1-4a51-9579-ab2b0ae790b7,ROSEMONT,Ohio
916,01d01179-de3c-4673-ad6e-ce59c8cacbc4,ROSEMONT,Washington
180,66f2096d-3fa8-4bd2-9dcc-e6392bcb705a,ROTTERDAM,Georgia
697,0c67a2db-2be7-4035-ad82-8475bfd64473,ROTTERDAM,Michigan
176,16b75cef-66e2-4382-8cf4-5f9bc9100c32,RUSK,Ohio
477,e7583114-5917-4a55-8cc8-4de8658e6497,RYE,Colorado
528,397e1a88-c64c-49ae-be90-1fb22bcc1171,Radenthein,Florida
101,b2b56f5c-6dd2-43d4-83d9-57f9675e2f18,"Rahden, Westf.",Texas
637,d3c7f00b-4210-4145-952b-a0bd42219677,Regensburg,Texas
693,02f440b5-df5d-420b-9870-727d15d19457,Regensburg,Massachusetts
909,0192e0d9-4d92-47c4-8b67-5858fbf568a9,Regensburg,Pennsylvania
627,a7f02988-df1f-4aee-a4c8-cc58b6882100,Reken,Texas
616,1293507a-075d-42a4-b6ec-3f66d75dcb5f,Riezlern,Washington
321,d1bd0478-789d-4a20-9b43-35cde206fb60,"Rimbach, Odenwald",Arizona
331,4243f2a1-a5f8-4927-abc6-9c4cd3c60aa5,Rinteln,Ohio
483,42444e16-eca6-42fc-99f5-001a5f5633a2,Rohrbach-Berg,Florida
80,8059617c-ddaf-4103-b1dd-3c662108bda8,"Rosenberg, Baden",Illinois
367,91b8957e-bfdd-4b95-a975-34a52f390fd4,Rīga,North Carolina
374,12e88014-a9dd-4b92-a06b-3287bf50bf35,Rīga,Virginia
453,ba1b551b-c4ef-4593-84d9-ab646ec5bac4,Rīga,Texas
951,ea3af93d-fc64-43ee-98a3-7de54cb8ed97,S GRAVENHAGE,Oklahoma
153,345005de-b214-49db-8dd6-75a85439d96b,SABADELL,District of Columbia
317,fc84a265-4a21-4da8-a1e0-a93c0556d82c,SALINA,Ohio
11,04780a39-6c0c-41d4-a645-1d9a98a2f278,SAN ANTONIO,Michigan
289,2ceab157-3611-4afa-a313-b03d113d1c31,SAN ANTONIO,Illinois
244,9617b7ed-b46e-45db-a80c-3d0ab7790ccc,SAN DIEGO,Massachusetts
278,8cea5264-42b5-4aa3-95a5-b4dc7dac731c,SAN DIEGO,Oklahoma
686,339b7fe8-6702-4403-8c33-f89d3ebebe81,SAN DIEGO,California
763,d4ad7622-9125-4e2c-be70-82feaea1dfb0,SAN DIEGO,Colorado
277,7ade9260-8f82-471e-8b59-3d6bd0c4bbca,SAN JOSE,New Jersey
712,03c007a5-7b4e-46b4-ab8c-7d5f4ab5449c,SAN JOSE,California
736,6d99bce7-fada-4530-aa0f-883e5ba642c5,SAN JUAN,Ohio
303,701eaf6a-2655-4a28-8ba1-883aa1bb36bb,SANT'ALBANO STURA,Utah
19,77e14d63-6fdd-48d4-ae8b-c3a4eb2b8193,SEYMOUR,Nevada
457,388575ef-d613-4e0c-9ada-c60227963bac,SEYMOUR,Arizona
744,3b95c5f8-6973-4f47-8fab-0547d9db5a15,SEYMOUR,Florida
1016,0358beb2-a703-411a-852c-42493f882145,SEYMOUR,Oregon
903,4567f172-a80b-4c86-9dcd-bcf82df77f47,SHALLOWATER,Texas
46,f6496c7b-16b3-4b62-86ab-24a414b85dcc,SHAWNEE,Virginia
735,4ed0a2d6-0d88-40c0-b338-a093d96fc134,SHELBINA,Colorado
485,a5534bca-be08-413a-8167-d025da0ed40b,SHELBYVILLE,West Virginia
144,22e68886-15c6-4441-8b7f-0c35a8505c15,SIOUX CITY,Virginia
227,221e64fe-0dad-47c8-b234-c677e662873c,SIOUX FALLS,Alabama
336,1ff09c9c-7f8c-4612-bca8-fdbebaacf9b9,SIOUX FALLS,California
680,c290b19a-5af1-4f5c-bfa1-dc1e0ca89e21,SIOUX FALLS,Georgia
682,5f2b93ef-81d3-495e-96ae-c02f686c3562,SPELLO,Texas
420,01e53690-f4de-4fc2-b92f-a5bfe48131b9,SPINAZZOLA,Georgia
233,57e87489-18ed-4191-838a-c8ef7530dd6e,SPOKANE,Mississippi
245,ef8f9e05-1890-46ac-9af1-d0846eab6d79,SPOKANE,Alabama
557,9e736a4c-510e-481a-a9a3-f968eee5ff5e,SPOKANE,Georgia
635,6c99f722-ced9-46c6-8619-4a29fbaa0cdf,SPOKANE,District of Columbia
734,43718a44-4ae7-46a0-ad9f-3aa62eef59e8,SPOKANE,New York
934,51615415-abf4-4710-b57e-248c83ae5d5e,SPOKANE,Ohio
799,ac5e0b84-9ae5-4c97-b7b0-13b9f1eb3f93,SPOKANE VALLEY,Texas
171,df9b54f7-b610-4ddc-972c-eced88251cd4,SPRINGFIELD,Utah
213,16520b2c-df91-4e7c-9cfa-e2ae75c42452,SPRINGFIELD,Texas
415,286ad864-5477-43f6-bce5-2115c3a62e3e,SPRINGFIELD,Minnesota
472,b45f4ad2-5845-4af6-b3f0-1fcaacea65cc,SPRINGFIELD,Florida
429,969b4721-9052-4694-8422-685925d10d9e,ST CLOUD,Mississippi
40,d6ba4c1e-8285-4809-a9eb-aeafe5062a27,ST JACQUES DE LA LANDE,Nevada
118,11320394-c446-44f1-aa89-0394b7709d3c,ST. PAUL,Florida
193,ff869cd5-210f-4a5d-bc74-b36986bbab5f,ST. PAUL,Washington
623,19897ba8-f2cd-44d6-8964-667bd4564894,ST. PAUL,District of Columbia
729,d546ff3f-e28c-4588-a463-2762def09998,ST. PAUL,Maryland
513,b0002e0a-3206-4742-a1c4-809033b4f9fd,ST. PETER,Nevada
703,aab165aa-33bc-43fa-bbd6-5740f7359173,STANFORD,Texas
34,ace7a003-3088-4985-8ccc-91ea942d717d,STARKVILLE,Texas
269,11072e8b-93aa-4bb6-bd26-cb681c7549e0,STARKVILLE,Kentucky
332,2f77638e-3bcb-471f-8753-cde58a0a82ce,STARKVILLE,Arizona
818,9d4df494-85cb-446d-882c-238be47bc523,STARKVILLE,Illinois
437,20612aca-50d1-48d4-9e28-56bd240a0028,STATESBORO,Arizona
418,32914638-3b2d-40fc-872e-35430db7b3c4,STRASBOURG,California
938,e74c9a1c-8d8e-4ca0-9c38-6c3a5e635c88,STRASBOURG,Iowa
25,3bd5c072-3010-4a6c-9186-59b476271766,SUGAR LAND,Pennsylvania
66,988301ff-8f13-4fb3-85cc-81ee972f6a0f,SUGAR LAND,California
394,d6591b67-3539-46ef-9524-acc6f7bfb294,SUGAR LAND,North Carolina
576,d05b7740-8a39-432a-bad2-8d32af474ee3,SUGAR LAND,Georgia
641,cc39dd81-43e5-4047-b5ac-2a54736ba83c,SUGAR LAND,District of Columbia
659,bedb1b7c-5301-4fc6-a4aa-60a0fa32c673,SUGAR LAND,Arizona
688,6150dbc6-0ead-43e8-8a34-5be9f6d2a03b,SUGAR LAND,California
781,7eb5c295-cfa9-41cd-a192-69558f66afc8,SUGAR LAND,Colorado
658,39c49010-501d-407a-b7c0-27e5cca8cbf6,SUGARLAND,California
168,792c16f7-9fcf-4b03-8f66-570e7043e01a,SULPHUR SPRINGS,Virginia
15,bb6adcf6-c3a8-4dfa-b131-2394e92b6ef6,SUNMER,Tennessee
488,67df8c69-6715-4840-955f-3fe9db19e57e,SYRACUSE,Maryland
30,cc57b9bc-e2d9-47fc-bb37-58f62f46d8ea,Salzburg,New Jersey
201,abefbd12-ae73-4c2d-acf3-52f9b6949f48,Salzburg,Illinois
258,b0ad7476-d779-4eda-87b4-11200bfccbac,Salzburg,Colorado
774,924fc95c-a2a8-430c-ae11-12c19744d2ab,Salzburg,Pennsylvania
787,18bc4306-3c54-48a6-b8e4-e2cdf885caa7,Salzburg,California
803,73ec8b5d-f349-4c3d-8570-b838467d16b5,Salzburg,Texas
955,148bf72f-436c-41e7-b198-d98492d8b68f,Schermbeck,Washington
35,1d29ad1f-3bad-40bb-8998-b182b93726e0,Schwanenstadt,Texas
660,1c8c9c10-f19d-4afc-987b-7d616e8c294b,Seewalchen am Attersee,Pennsylvania
595,460a676a-7512-47d0-86df-434a9108b7da,Silkeborg,Texas
58,6a55ef10-fceb-4fd6-a2b2-17799d7287f1,Sint-Jans-Molenbeek,New York
876,1082323f-b4e5-4505-bb06-6c4746555ed3,Sint-Jans-Molenbeek,Florida
850,b9f6c33a-0456-4757-8e6d-e4d653d8512c,Sint-Joost-ten-Node,Massachusetts
173,ea9d459b-5cd6-480c-99f0-5ce181ff850d,Sliema,Indiana
474,23e88273-fa42-46b1-b6fa-fbf661e85b18,Sofia,Missouri
494,85827309-a12d-4e39-b63d-c51fc3e99e67,Sofia,Indiana
510,21cdddb3-647e-4fd7-8fae-e490551c7452,Sofia,Virginia
765,162982f6-a7c0-4a1a-888a-f2c7e863473d,Sofia,Colorado
322,6fa2ac50-5676-457d-81f2-a28ceb1345de,Solingen,Florida
622,510ba917-8f11-4af4-a702-6a886a091898,Split,Pennsylvania
847,8af7c263-4f45-44c6-88cf-6b8a0135f58a,St Julian's,Florida
996,7bcba7c3-9afb-4544-85a4-c5823e24cc25,St. Marein im Mürztal,South Carolina
625,05d84c07-aaf8-4960-95c9-9cbfb7d577ab,St. Roman bei Schärding,North Carolina
721,bb7791ee-c70b-4f83-915f-7c57638b17e1,St. Veit an der Glan,Georgia
785,31f230ab-1045-472c-90f9-8db323fa549e,St. Veit an der Glan,District of Columbia
1005,f544f65d-04bb-44d2-92cd-a4e52c873b36,St. Veit an der Glan,California
433,54c7f3a9-380f-44ba-95c2-951ce8bfa309,St.Pölten,North Carolina
638,f2ea130d-79d0-446b-b13e-412dcfb75058,"Stade, Niederelbe",Texas
89,54e767db-6d30-4736-b10a-c94158c7ebed,Stockholm,South Carolina
515,fb3e1f33-ae4d-4b04-82e5-ac00ccfb8b2c,Stockholm,Kansas
719,90b5d9d3-5ba4-4255-9acb-37c27504e88a,Stockholm,Michigan
967,7db64844-45a1-4eea-a320-35fac348b692,Stockholm,California
1003,90f05afd-9cb4-494a-af63-eedc181384df,Stockholm,Kansas
890,786d08df-cc99-4698-94db-7fc7ba586802,Stralsund,Texas
868,f2a4b9b3-acd8-4fa3-9b66-94e20a6d9341,Sundbyberg,Texas
121,49486b90-25c8-4083-b1eb-9d7b2f5f6db4,Syke,Ohio
163,cad6392d-3176-4b80-926a-b32c5bd4d3c4,TALLAHASSEE,Florida
106,504d69d5-911a-4ffa-98c1-3ec053126b41,TAMPA,Alabama
315,c12f02c1-0c2e-49c8-9800-9636b0cd0df2,TAMPA,Wisconsin
396,401d19a1-297a-4461-8e55-f5cd7a1f7d4c,TAMPA,New Mexico
397,91e9cdc8-5853-43ad-b443-e41ac6a8b116,TAMPA,Minnesota
439,51d34ff7-0743-4793-9a32-8018309fa955,TAMPA,Colorado
723,b9414a02-e4ec-46ba-ac23-8b08a38354d4,TAYLOR,Oklahoma
533,9d006bc5-64f9-4397-aaeb-dbcb68aaccbc,TERRE HAUTE,Illinois
304,d7d87be9-3cc5-4cad-a399-fe0417b6681f,THOMASVILLE,Texas
435,6206780e-4ca8-4cae-a002-296e93e644b7,THOMASVILLE,Colorado
779,cbd5927a-d305-4db4-95eb-ac8acc69bce5,THOMASVILLE,New York
377,639e6e06-8d91-4cd9-a050-e75791b5fbe3,TIFFIN,Michigan
365,108079b7-4ad9-410a-9559-b3f04730758b,TILBURG,Florida
161,442a70a1-8cce-4c58-8818-c7b948b99969,TORINO,Michigan
284,6602bea8-5656-48bd-b521-0e2cff9d3749,TORINO,California
547,beacd99e-22bb-429e-ae99-a949713bc92e,TORINO,North Carolina
656,f8f94b96-54ed-4ce3-a6d3-b1c312f471c3,TORINO,Florida
954,99a9beb2-820b-444c-9033-af127d824f45,TORINO,Illinois
126,5138fbbd-fcc5-42ca-81e0-d092bd8e7802,TORRANCE,Washington
742,5368d490-802c-41a0-a33c-54b24f5aa045,TORRE DEL GRECO,Ohio
879,b7adaca2-ca86-4e29-a976-f4dfb7ec6d10,TRENTO,Hawaii
651,08dc20e8-89be-4321-bff8-7afd0430d482,TROY,Illinois
378,8e8ebc90-b1d1-4209-9f7a-1e40983c6b6c,TROYES CEDEX,Florida
764,fd76a48f-7a92-4e7b-83f4-a1f8284c91db,TROYES CEDEX,Florida
359,49913c7a-1a89-41b5-92a9-2d3a87edebc8,TUCSON,Arizona
81,82d9167b-df2e-4185-81bc-e48134b4d7fb,TUPELO,Michigan
92,e314a689-4ad4-47e5-9ae8-415b19e6e721,TUPELO,Georgia
260,570575ec-5931-40eb-8865-fcef30592421,TUPELO,Oklahoma
293,e4cb467d-71cd-4da0-97da-ee748bb4a54c,TUPELO,Hawaii
405,6d16a836-cc76-4195-a992-1500ca548f23,TUPELO,Oregon
417,1d6a7290-93c4-41a5-a01b-c43394cf76ac,TUPELO,California
421,1a6fad9d-02a5-44fc-953d-72ca911b03b3,TUPELO,South Carolina
739,c017093f-e202-4180-a539-e9e3ce9e8c8b,TUPELO,Missouri
933,7eeef489-01d2-4ef0-8894-7b7cf214cdbf,TUPELO,Missouri
986,6d77b4f0-c782-4502-b23a-9fe00b855b5e,TUPELO,New York
450,8b4ca423-6224-44ed-9565-b3bf990e24ed,Tallinn,Indiana
761,f9bb972e-f029-438a-8303-bac87259d63c,Ternberg,Indiana
229,8a5b5e16-aa01-4e3a-b514-c8db9c49eeb9,Tipperary,Ohio
338,76ac6df9-868e-4c62-acf1-129a5d02256b,Tipperary,Ohio
608,3f6f0526-5d43-4f1a-a891-a680bad42447,Tipperary,Virginia
1014,420629a5-0bac-476e-8d67-5224d4b0aae4,Tipperary,Washington
103,3953dc8a-c543-43ce-8572-45b63779f533,UNDERWOOD,Tennessee
10,dfcd9f6e-78f8-4c67-85ff-54a68af006ee,UTRECHT,Utah
875,f64a5c20-6381-4bf5-9813-02fbcc26e5e2,UTRECHT,Ohio
902,4542f701-3ebc-4cc1-af27-2a8fcb689d5e,Unken,Ohio
506,5080acdf-6d0e-4f2a-b238-c3a1b167a746,VAULX EN VELIN,Oklahoma
462,e9707915-3853-415d-84da-2e6d692ddaa7,VESTONE,Colorado
863,26f71525-39db-472f-b3ae-090184ae6ab8,VESTONE,California
94,2c880276-e9c3-4349-b9c2-f01febb90884,VILLENEUVE D'ASCQ CEDEX,New York
814,c599fcff-ae4c-4e33-9b48-3d40fd5ddfe8,VISEU,Texas
253,34fd346d-81d8-4ce5-8f8a-6e481ed8335d,Valencia,South Carolina
603,b46b6b4f-8b42-4dad-b147-753a82ef4165,Varaždin,Indiana
113,9fc0fd11-4404-4794-bbdb-554c0c21b717,Vedbæk,Texas
224,235e405a-714f-4e0a-9bd3-5b33cf9552d9,Vilniaus m. sav. Vilniaus m.,Washington
354,9cd71cc0-5ee3-4017-88a1-519dd16894fc,Vilniaus m. sav. Vilniaus m.,Texas
470,a7e89bd5-9d2a-4baa-a886-5f2a689303bf,Vilniaus m. sav. Vilniaus m.,District of Columbia
998,7330eaa3-049f-4813-9cf5-a5d164f6269b,Vogtsburg im Kaiserstuhl,Missouri
254,8bedd82d-d49e-4895-b0fc-e3a750c9597a,WARRENSBURG,Illinois
773,a65a7c35-d050-4d30-9892-df7c2780a935,WAUPACA,California
155,a0c903ec-292b-467f-97ad-cbf370c9c20b,WAYNE,Texas
316,4bc87eb1-ddc7-4c6a-847d-cd97937fe59b,WAYNE,Alabama
326,71f198ae-0945-48b4-8c62-9872d55c0671,WAYNE,Kentucky
596,29bf7bc4-b608-4297-96ec-2c13a4b77acf,WAYNE,New York
866,6c6b6f27-97bf-49f2-b070-4c3745422b1c,WAYNESVILLE,Louisiana
544,3ffcb7ae-dcf6-4a32-a25a-41bd4b0bd021,WEATHERFORD,Florida
643,3214b028-9b11-45b2-bc04-038a5a77d383,WEATHERFORD,Virginia
776,9fc1bedf-0e45-4706-a111-03a5238d423c,WESTHOPE,New York
556,674f9848-7b4e-4419-ba82-8eed2f186615,WHEELING,Connecticut
291,6f20c9ba-8f75-4c70-898c-2cbd7683d50b,WICHITA,Colorado
460,e6d6c980-49a2-488e-87a9-6460d32081e2,WILLMAR,Texas
340,ba365cfc-cf5f-4862-8c6a-346773dcda60,WINSTON-SALEM,Indiana
602,0dd6db05-7dca-44b8-a014-ba4bc8a13b80,WINTERSET,New York
821,df1a1940-67f7-4539-af18-c900f0efc31d,WOODSBORO,New York
56,c532c72f-7822-4c92-beda-5a3ced800565,WYOMING,Montana
649,e977c938-673d-4d2b-bef7-73d2ee367290,"Waiblingen, Rems",Florida
18,f3ae3277-e00f-45a8-bd6d-a144eb63becf,"Wald, Ostallgäu",Florida
646,3a36fd89-f703-4dd2-9572-5d727d08b2d0,Waren,Virginia
6,3c8ec7a4-5163-4aa6-954b-7deebbda0dd7,Warszawa,Texas
36,3daaa036-8ea2-43ab-82ba-3c58e257e786,Warszawa,Florida
196,bbb83cac-d35e-4c97-8ce6-d69683a1d0ac,Warszawa,Kansas
618,a11bc21f-8a46-497c-b5ee-3c9abf59e2fd,Warszawa,Florida
501,d1ad11cd-60f3-412c-b8e2-ad2be7bdca58,Weil im Schönbuch,South Dakota
37,1c683c97-3709-4a51-a420-6b6ec9961282,Weimar,Iowa
698,3f36a849-1745-48c2-90e4-30e8b32103ac,Weißenburg i.Bay.,California
209,b4d60f8d-458e-4a37-a9cd-08fb8ce73a50,Welzheim,California
342,2a5e6def-7676-44d9-9330-de8182ce4aad,Wenns,California
992,cf915261-4851-46b9-8082-03a71b9b9359,Wettenberg,North Dakota
560,0481ee85-2087-4e90-98a0-351f8add8127,Wicklow,North Carolina
432,0c642191-ced4-4932-a496-47008134e649,Wien,Texas
633,c5702115-a53e-42ab-a8c3-95bb57b35faf,Wien,District of Columbia
733,38fa8633-52b0-4d42-bb8b-8bd00418977c,Wien,Tennessee
999,2264ebcb-2980-4a19-bc88-1fc8c1a04f6b,Wien,Mississippi
157,9124f1d0-cb9f-41d2-8c8c-790986c40d71,Wiener Neustadt,Colorado
302,fcdc2b8a-62e2-4aae-8ab6-3527337e554c,Wiesbaden,Nevada
358,877a1117-459f-493e-ae56-d700bfe4b7fd,Wiesbaden,Georgia
593,602b1ec6-29c4-471d-afce-a4970da0cf20,Wieselburg,Louisiana
64,bbb3f7df-77e5-4fee-b71e-85aec55e0760,Winsen (Luhe),Maryland
3,49616923-33aa-47d1-86b5-6049ebf14930,Wuppertal,Kansas
410,2fd94758-d17c-4cb1-b1a3-3bff9b3e223a,Würzburg,Maryland
911,cc28936d-5cd8-4b7a-98cd-57c4332a6119,YALE,Pennsylvania
921,7263a22c-a92d-4883-9f64-6b4cb411db8d,YOAKUM,Pennsylvania
718,aac793ae-0843-4cee-a205-8dcd3ebdb1fa,Zaragoza,New York
